


CREATE TABLE NHACUNGCAP(
	MACC CHAR(15) NOT NULL,
	TENCC NVARCHAR(100),
	MAMATHANG CHAR(15),
	TENMATHANG NVARCHAR(100),
	LOAI NVARCHAR(20),
	SL INT,
	GIA MONEY,
	SDT_NHACUNGCAP VARCHAR(15),
	DIACHI NVARCHAR(100),

	constraint PK_NCC primary key(MACC,TENCC,SDT_NHACUNGCAP)
)

CREATE TABLE MANAGER(
	MAQL CHAR(15) NOT NULL,
	TENQL NVARCHAR(100),
	SDT_MANAGER VARCHAR(15),
	LUONG MONEY,
	THUONG FLOAT,
	GIOITINH CHAR(15),
	NGAYSINH DATE,
	DIACHI NVARCHAR(100),
	SOTHICH NVARCHAR(100),

	constraint PK_MANAGER primary key(MAQL,SDT_MANAGER)
) 

CREATE TABLE KHOHANG(
	MAKHO CHAR(15) NOT NULL,
	TENKHO NVARCHAR(100),
	TONGSL INT,
	BAONHIEULOAI INT,

	constraint PK_KHOHANG primary key(MAKHO,TENKHO)
)

CREATE TABLE MATHANG(
	MAMATHANG CHAR(15) NOT NULL,
	TENMATHANG NVARCHAR(100),
	LOAI NVARCHAR(30),
	SL INT,
	GIA MONEY,

	constraint PK_MATHANG primary key(MAMATHANG,TENMATHANG)
)

CREATE TABLE NHANVIEN(
	MANV CHAR(15) NOT NULL,
	TENNV NVARCHAR(100),
	LUONG MONEY,
	THUONG FLOAT,
	GIOITINH CHAR(15),
	NGAYSINH DATE,
	SDT_EMPLOYEE VARCHAR(15),
	SOTHICH NVARCHAR(100),
	DIACHI NVARCHAR(100),
	
	constraint PK_NHANVIEN primary key(MANV,SDT_EMPLOYEE)
)

CREATE TABLE KHACHHANG(
	MAKH CHAR(15) NOT NULL,
	TENKH NVARCHAR(100),
	SDT_KHACHHANG VARCHAR(15),
	DIACHI NVARCHAR(100),

	constraint PK_MAKH primary key(MAKH,SDT_KHACHHANG)
)


CREATE TABLE MANAGER_NHACUNGCAP_KHOHANG(
	SOHD_MANAGER_NHAPHANGVE_NHACUNGCAP CHAR(15) NOT NULL,
	TENHD_MANAGER_NHAPHANGVE_NHACUNGCAP NVARCHAR(100),

	MACC CHAR(15),
	TENCC NVARCHAR(100),
	SDT_SUPPLIER VARCHAR(15),

	MAQL CHAR(15),
	TENQL NVARCHAR(100),
	SDT_MANAGER VARCHAR(15),

	SL INT,
	TONGGIA MONEY,
	NGAYNHAP DATE,

	constraint PK_MANAGER_NHACUNGCAP_KHOHANG PRIMARY KEY(SOHD_MANAGER_NHAPHANGVE_NHACUNGCAP)
)

CREATE TABLE MANAGER_KHO(
	SOHD_MANAGER_NHAPHANG_KHO CHAR(15) NOT NULL,
	TENHD_MANAGER_NHAPHANG_KHO NVARCHAR(100),

	MAQL CHAR(15),
	TENQL NVARCHAR(100),
	SDT_MANAGER VARCHAR(15),

	MAKHO CHAR(15),
	TENKHO NVARCHAR(100),

	SL INT,
	SL_CACLOAI INT,
	TONGIA MONEY,
	NGAYNHAP DATE,

	constraint PK_MANAGER_KHO primary key(SOHD_MANAGER_NHAPHANG_KHO)

)

CREATE TABLE KHOHANG_MATHANG(
	SOHD_KHOHANG_MATHANG CHAR(15) NOT NULL,
	TENHD_KHOHANG_MATHANG NVARCHAR(100),
	
	MAKHO CHAR(15),
	TENKHO NVARCHAR(100),
	
	MAMATHANG CHAR(15),
	TENMATHANG NVARCHAR(100),

	TINHTRANG NVARCHAR(20),
	LOAI NVARCHAR(20),
	TONGGIA MONEY,
	SL INT,

	constraint PK_KHOHANG_MATHANG primary key(SOHD_KHOHANG_MATHANG,TENHD_KHOHANG_MATHANG)
)

CREATE TABLE NHANVIEN_KHOHANG_MATHANG(
	SOHD_NHANVIEN_BANHANG_MATHANG CHAR(15) NOT NULL,
	TENHD_NHANVIEN_BANHANG_MATHANG NVARCHAR(100),

	MANV CHAR(15),
	TENNV NVARCHAR(20),
	SDT_EMPLOYEE VARCHAR(15),

	MAKHO CHAR(15),
	TENKHO NVARCHAR(100),
	
	MAMATHANG CHAR(15),
	TENMATHANG NVARCHAR(50),

	SL INT,
	GIA MONEY,
	NGAYLAY DATE,

	constraint PK_NHANVIEN_KHOHANG_MATHANG primary key(SOHD_NHANVIEN_BANHANG_MATHANG)
)

CREATE TABLE NHANVIEN_KHACHHANG_MATHANG(
	SOHD_NHANVIEN_BANHANG_KHACHHANG CHAR(15) NOT NULL,
	TENHD_NHANVIEN_BANHANG_KHACHHANG NVARCHAR(100),

	MANV CHAR(15),
	TENNV NVARCHAR(100),
	SDT_EMPLOYEE VARCHAR(15),

	MAKH CHAR(15),
	TENKH NVARCHAR(100),
	SDT_CUSTOMER VARCHAR(15),


	MAMATHANG CHAR(15),
	TENMATHANG NVARCHAR(100),
	SL INT,
	GIA MONEY,

	constRaint PK_NHANVIEN_KHACHHANG_MATHANG primary key(SOHD_NHANVIEN_BANHANG_KHACHHANG)
	
)

--INSERT INTO NHANVIEN
Insert into NHANVIEN(MANV,TENNV,LUONG,THUONG,GIOITINH,NGAYSINH,SDT_EMPLOYEE,SOTHICH,DIACHI) values ('NV01','NGUYEN THANH DAT',6500000,0.02,'NAM','07/25/1999','01246469270','DU LICH','TIEN GIANG');
Insert into NHANVIEN(MANV,TENNV,LUONG,THUONG,GIOITINH,NGAYSINH,SDT_EMPLOYEE,SOTHICH,DIACHI) values ('NV02','TRAN VO LOC',6800000,0.02,'NAM','09/12/1997','01246469271','DU LICH','TIEN GIANG');
Insert into NHANVIEN(MANV,TENNV,LUONG,THUONG,GIOITINH,NGAYSINH,SDT_EMPLOYEE,SOTHICH,DIACHI) values ('NV03','LE PHU KHAI',7500000,0.02,'NAM','05/11/1996','01246469272','DU LICH','TIEN GIANG');
Insert into NHANVIEN(MANV,TENNV,LUONG,THUONG,GIOITINH,NGAYSINH,SDT_EMPLOYEE,SOTHICH,DIACHI) values ('NV04','TRAN HOANG LONG',7000000,0.02,'NAM','4/12/1996','01246469273','XEM PHIM','TIEN GIANG');
Insert into NHANVIEN(MANV,TENNV,LUONG,THUONG,GIOITINH,NGAYSINH,SDT_EMPLOYEE,SOTHICH,DIACHI) values ('NV05','TRAN HUY LONG',7200000,0.02,'NAM','5/31/1998','01246469274','NGHE NHAC','TIEN GIANG');
Insert into NHANVIEN(MANV,TENNV,LUONG,THUONG,GIOITINH,NGAYSINH,SDT_EMPLOYEE,SOTHICH,DIACHI) values ('NV06','HUYNH HUU KHAI',7200000,0.02,'NAM','5/31/1998','01246469275','NGHE NHAC','TIEN GIANG');
Insert into NHANVIEN(MANV,TENNV,LUONG,THUONG,GIOITINH,NGAYSINH,SDT_EMPLOYEE,SOTHICH,DIACHI) values ('NV07','LE VAN DAT',7200000,0.03,'NAM','5/31/1998','01246469276','NGHE NHAC','TIEN GIANG');
Insert into NHANVIEN(MANV,TENNV,LUONG,THUONG,GIOITINH,NGAYSINH,SDT_EMPLOYEE,SOTHICH,DIACHI) values ('NV08','LE VAN HOC',7200000,0.03,'NAM','5/31/1998','01246469277','NGHE NHAC','TIEN GIANG');
Insert into NHANVIEN(MANV,TENNV,LUONG,THUONG,GIOITINH,NGAYSINH,SDT_EMPLOYEE,SOTHICH,DIACHI) values ('NV09','TRAN THI HOA',7200000,0.03,'NU','5/31/1998','01246469278','NGHE NHAC','TIEN GIANG');
Insert into NHANVIEN(MANV,TENNV,LUONG,THUONG,GIOITINH,NGAYSINH,SDT_EMPLOYEE,SOTHICH,DIACHI) values ('NV10','LE THI THU CUC',7200000,0.03,'NU','5/31/1998','01246469279','NGHE NHAC','TIEN GIANG');
Insert into NHANVIEN(MANV,TENNV,LUONG,THUONG,GIOITINH,NGAYSINH,SDT_EMPLOYEE,SOTHICH,DIACHI) values ('NV11','NGUYEN VAN NGUYEN',7200000,0.03,'NAM','5/31/1998','01246469280','NGHE NHAC','TIEN GIANG');
Insert into NHANVIEN(MANV,TENNV,LUONG,THUONG,GIOITINH,NGAYSINH,SDT_EMPLOYEE,SOTHICH,DIACHI) values ('NV12','TRAN VAN NAM',7200000,0.03,'NAM','5/31/1998','01246469281','NGHE NHAC','TIEN GIANG');
Insert into NHANVIEN(MANV,TENNV,LUONG,THUONG,GIOITINH,NGAYSINH,SDT_EMPLOYEE,SOTHICH,DIACHI) values ('NV13','NGUYEN HUU LOC',7200000,0.03,'NAM','5/31/1998','01246469282','NGHE NHAC','TIEN GIANG');
Insert into NHANVIEN(MANV,TENNV,LUONG,THUONG,GIOITINH,NGAYSINH,SDT_EMPLOYEE,SOTHICH,DIACHI) values ('NV14','LE THI HONG',7200000,0.03,'NU','5/31/1998','01246469283','NGHE NHAC','TIEN GIANG');
Insert into NHANVIEN(MANV,TENNV,LUONG,THUONG,GIOITINH,NGAYSINH,SDT_EMPLOYEE,SOTHICH,DIACHI) values ('NV15','LE VAN NAM',7200000,0.03,'NAM','5/31/1998','01246469284','NGHE NHAC','TIEN GIANG');
Insert into NHANVIEN(MANV,TENNV,LUONG,THUONG,GIOITINH,NGAYSINH,SDT_EMPLOYEE,SOTHICH,DIACHI) values ('NV16','NGUYEN THANH QUANG',7200000,0.03,'NAM','5/31/1998','01246469285','NGHE NHAC','TIEN GIANG');
Insert into NHANVIEN(MANV,TENNV,LUONG,THUONG,GIOITINH,NGAYSINH,SDT_EMPLOYEE,SOTHICH,DIACHI) values ('NV17','NGUYEN VAN DAT',7200000,0.03,'NAM','5/31/1998','01246469286','NGHE NHAC','TIEN GIANG');
Insert into NHANVIEN(MANV,TENNV,LUONG,THUONG,GIOITINH,NGAYSINH,SDT_EMPLOYEE,SOTHICH,DIACHI) values ('NV18','TRAN THI THU',7200000,0.03,'NU','5/31/1998','01246469287','NGHE NHAC','TIEN GIANG');
Insert into NHANVIEN(MANV,TENNV,LUONG,THUONG,GIOITINH,NGAYSINH,SDT_EMPLOYEE,SOTHICH,DIACHI) values ('NV19','NGUYEN VAN HUU',7200000,0.03,'NAM','5/31/1998','01246469288','NGHE NHAC','TIEN GIANG');
Insert into NHANVIEN(MANV,TENNV,LUONG,THUONG,GIOITINH,NGAYSINH,SDT_EMPLOYEE,SOTHICH,DIACHI) values ('NV20','TRAN VAN SANG',7200000,0.03,'NAM','5/31/1998','01246469289','NGHE NHAC','TIEN GIANG');

--INSERT INTO MANAGER
Insert into MANAGER(MAQL,TENQL,LUONG,THUONG,GIOITINH,NGAYSINH,SDT_MANAGER,DIACHI,SOTHICH) values ('QL01','NGUYEN VO KHANH',9500000,0.00,'NAM','07/25/1969','0949127481','TIEN GIANG','DU LICH');
Insert into MANAGER(MAQL,TENQL,LUONG,THUONG,GIOITINH,NGAYSINH,SDT_MANAGER,DIACHI,SOTHICH) values ('QL02','NGUYEN THANH VINH',9800000,0.00,'NAM','09/12/1994','0965558473','TIEN GIANG','NGHE NHAC');

--INSERT INTO KHOHANG
INSERT INTO KHOHANG(MAKHO,TENKHO,TONGSL,BAONHIEULOAI) values ('K01','KHA',11000,3);
INSERT INTO KHOHANG(MAKHO,TENKHO,TONGSL,BAONHIEULOAI )values ('K02','KHB',11000,3);
INSERT INTO KHOHANG(MAKHO,TENKHO,TONGSL,BAONHIEULOAI) values ('K03','KHC',11000,3);

--INSERT INTO NHACUNGCAP
INSERT into NHACUNGCAP(MACC,TENCC,MAMATHANG,TENMATHANG,LOAI,SL,GIA,SDT_NHACUNGCAP,DIACHI)values ('MCCC','NHA CUNG CAP CAM','CA01','CAM','TRAI CAY',1000,12000000,'0919678401','TIEN GIANG');
INSERT into NHACUNGCAP(MACC,TENCC,MAMATHANG,TENMATHANG,LOAI,SL,GIA,SDT_NHACUNGCAP,DIACHI)values ('MCCX','NHA CUNG CAP XOAI','XO01','XOAI','TRAI CAY',1000,13000000,'0919678402','TIEN GIANG');
INSERT into NHACUNGCAP(MACC,TENCC,MAMATHANG,TENMATHANG,LOAI,SL,GIA,SDT_NHACUNGCAP,DIACHI)values ('MCCQ','NHA CUNG CAP QUYT','QU01','QUYT','TRAI CAY',1000,14000000,'0919678403','TIEN GIANG');
INSERT into NHACUNGCAP(MACC,TENCC,MAMATHANG,TENMATHANG,LOAI,SL,GIA,SDT_NHACUNGCAP,DIACHI)values ('MCCM','NHA CUNG CAP MAN','MA01','MAN','TRAI CAY',1000,15000000,'0919678404','TIEN GIANG');
INSERT into NHACUNGCAP(MACC,TENCC,MAMATHANG,TENMATHANG,LOAI,SL,GIA,SDT_NHACUNGCAP,DIACHI)values ('MCCL','NHA CUNG CAP LE','L01','LE','TRAI CAY',1000,16000000,'0919678405','TIEN GIANG');
INSERT into NHACUNGCAP(MACC,TENCC,MAMATHANG,TENMATHANG,LOAI,SL,GIA,SDT_NHACUNGCAP,DIACHI)values ('MCCD','NHA CUNG CAP DAO','D01','DAO','TRAI CAY',1000,17000000,'0919678406','TIEN GIANG');
INSERT into NHACUNGCAP(MACC,TENCC,MAMATHANG,TENMATHANG,LOAI,SL,GIA,SDT_NHACUNGCAP,DIACHI)values ('MCCB','NHA CUNG CAP BUOI','B01','BUOI','TRAI CAY',1000,18000000,'0919678407','TIEN GIANG');
INSERT into NHACUNGCAP(MACC,TENCC,MAMATHANG,TENMATHANG,LOAI,SL,GIA,SDT_NHACUNGCAP,DIACHI)values ('MCCDH','NHA CUNG CAP DUA HAU','DH01','DUA HAU','TRAI CAY',1000,19000000,'0919678408','TIEN GIANG');
INSERT into NHACUNGCAP(MACC,TENCC,MAMATHANG,TENMATHANG,LOAI,SL,GIA,SDT_NHACUNGCAP,DIACHI)values ('MCCCC','NHA CUNG CAP CHOM CHOM','CHCH01','CHOM CHOM','TRAI CAY',1000,11000000,'0919678409','TIEN GIANG');
INSERT into NHACUNGCAP(MACC,TENCC,MAMATHANG,TENMATHANG,LOAI,SL,GIA,SDT_NHACUNGCAP,DIACHI)values ('MCCTL','NHA CUNG CAP THANH LONG','TL01','THANH LONG','TRAI CAY',1000,12000000,'0919678410','TIEN GIANG');
INSERT into NHACUNGCAP(MACC,TENCC,MAMATHANG,TENMATHANG,LOAI,SL,GIA,SDT_NHACUNGCAP,DIACHI)values ('MCCDG','NHA CUNG CAP DUA GAN','DG01','DUA GAN','TRAI CAY',1000,13000000,'0919678411','TIEN GIANG');
INSERT into NHACUNGCAP(MACC,TENCC,MAMATHANG,TENMATHANG,LOAI,SL,GIA,SDT_NHACUNGCAP,DIACHI)values ('MCCT','NHA CUNG CAP TAO','T01','TAO','TRAI CAY',1000,1000000,'0919678401','TIEN GIANG');
INSERT into NHACUNGCAP(MACC,TENCC,MAMATHANG,TENMATHANG,LOAI,SL,GIA,SDT_NHACUNGCAP,DIACHI)values ('MCCSR','NHA CUNG CAP SAU RIENG','SR01','SAU RIENG','TRAI CAY',1000,14000000,'0919678412','TIEN GIANG');
INSERT into NHACUNGCAP(MACC,TENCC,MAMATHANG,TENMATHANG,LOAI,SL,GIA,SDT_NHACUNGCAP,DIACHI)values ('MCCN','NHA CUNG CAP NHAN','N01','NHAN','TRAI CAY',1000,15000000,'0919678413','TIEN GIANG');
INSERT into NHACUNGCAP(MACC,TENCC,MAMATHANG,TENMATHANG,LOAI,SL,GIA,SDT_NHACUNGCAP,DIACHI)values ('MCCV','NHA CUNG CAP VAI','V01','VAI','TRAI CAY',1000,16000000,'0919678414','TIEN GIANG');

INSERT into NHACUNGCAP(MACC,TENCC,MAMATHANG,TENMATHANG,LOAI,SL,GIA,SDT_NHACUNGCAP,DIACHI)values ('MCCRM','NHA CUNG CAP RAU MA','RM01','RAU MA ','RAU',1000,8000000,'0919678415','TIEN GIANG');
INSERT into NHACUNGCAP(MACC,TENCC,MAMATHANG,TENMATHANG,LOAI,SL,GIA,SDT_NHACUNGCAP,DIACHI)values ('MCCRC','NHA CUNG CAP RAU DIEP CA','RDC01','RAU DIEP CA','RAU',1000,5000000,'0919678416','TIEN GIANG');
INSERT into NHACUNGCAP(MACC,TENCC,MAMATHANG,TENMATHANG,LOAI,SL,GIA,SDT_NHACUNGCAP,DIACHI)values('MCCRCT','NHA CUNG CAP RAU CAI THIA','RCT01','RAU CAI THIA','RAU',1000,6000000,'0919678417','TIEN GIANG');
INSERT into NHACUNGCAP(MACC,TENCC,MAMATHANG,TENMATHANG,LOAI,SL,GIA,SDT_NHACUNGCAP,DIACHI)values ('MCCRXL','NHA CUNG CAP RAU XA LACH','RXL01','RAU XA LACH','RAU',1000,7800000,'0919678418','TIEN GIANG');
INSERT into NHACUNGCAP(MACC,TENCC,MAMATHANG,TENMATHANG,LOAI,SL,GIA,SDT_NHACUNGCAP,DIACHI)values ('MCCRN','NHA CUNG CAP RAU NGOT','RN01','RAU NGOT','RAU',1000,5600000,'0919678419','TIEN GIANG');
INSERT into NHACUNGCAP(MACC,TENCC,MAMATHANG,TENMATHANG,LOAI,SL,GIA,SDT_NHACUNGCAP,DIACHI)values ('MCCRCN','NHA CUNG CAP RAU CAI NGOT','RCN01','RAU CAI NGOT','RAU',1000,10200000,'0919678420','TIEN GIANG');
INSERT into NHACUNGCAP(MACC,TENCC,MAMATHANG,TENMATHANG,LOAI,SL,GIA,SDT_NHACUNGCAP,DIACHI)values('MCCRTO','NHA CUNG CAP RAU TAN O','RTO01','RAU TAN O','RAU',1000,14500000,'0919678421','TIEN GIANG');
INSERT into NHACUNGCAP(MACC,TENCC,MAMATHANG,TENMATHANG,LOAI,SL,GIA,SDT_NHACUNGCAP,DIACHI)values('MCCRBX','NHA CUNG CAP RAU BOI XOI','RBX01','RAU BOI XOI','RAU',1000,13400000,'0919678422','TIEN GIANG');
INSERT into NHACUNGCAP(MACC,TENCC,MAMATHANG,TENMATHANG,LOAI,SL,GIA,SDT_NHACUNGCAP,DIACHI)values ('MCCSLT','NHA CUNG CAP SUP LO TRANG','SLT01','SUP LO TRANG','RAU',1000,12300000,'0919678423','TIEN GIANG');
INSERT into NHACUNGCAP(MACC,TENCC,MAMATHANG,TENMATHANG,LOAI,SL,GIA,SDT_NHACUNGCAP,DIACHI)values ('MCCSLX','NHA CUNG CAP SUP LO XANH','SLX01','SUP LO XANH','RAU',1000,8000000,'0919678424','TIEN GIANG');

INSERT into NHACUNGCAP(MACC,TENCC,MAMATHANG,TENMATHANG,LOAI,SL,GIA,SDT_NHACUNGCAP,DIACHI)values ('MCCCT','NHA CUNG CAP CU CAI TRANG','CCT01','CU CAI TRANG','CU',1000,12000000,'0919678425','TIEN GIANG');
INSERT into NHACUNGCAP(MACC,TENCC,MAMATHANG,TENMATHANG,LOAI,SL,GIA,SDT_NHACUNGCAP,DIACHI)values ('MCCCD','NHA CUNG CAP CU CAI DO','CCD01','CU CAI DO','CU',1000,14000000,'0919678426','TIEN GIANG');
INSERT into NHACUNGCAP(MACC,TENCC,MAMATHANG,TENMATHANG,LOAI,SL,GIA,SDT_NHACUNGCAP,DIACHI)values ('MCCCR','NHA CUNG CAP CU CA ROT','CCR01','CU CA ROT','CU',1000,12000000,'0919678427','TIEN GIANG');
INSERT into NHACUNGCAP(MACC,TENCC,MAMATHANG,TENMATHANG,LOAI,SL,GIA,SDT_NHACUNGCAP,DIACHI)values ('MCCCS','NHA CUNG CAP CU SU','CCSU01','CU SU','CU',1000,14500000,'0919678428','TIEN GIANG');
INSERT into NHACUNGCAP(MACC,TENCC,MAMATHANG,TENMATHANG,LOAI,SL,GIA,SDT_NHACUNGCAP,DIACHI)values ('MCCCKT','NHA CUNG CAP CU KHOAI TAY','KT01','KHOAI TAY','CU',1000,5000000,'0919678429','TIEN GIANG');
INSERT into NHACUNGCAP(MACC,TENCC,MAMATHANG,TENMATHANG,LOAI,SL,GIA,SDT_NHACUNGCAP,DIACHI)values ('MCCCKL','NHA CUNG CAP CU KHOAI LANG','KL01','KHOAI LANG','CU',1000,12000000,'0919678430','TIEN GIANG');
INSERT into NHACUNGCAP(MACC,TENCC,MAMATHANG,TENMATHANG,LOAI,SL,GIA,SDT_NHACUNGCAP,DIACHI)values ('MCCCD','NHA CUNG CAP CU DEN','CD01','CU DEN','CU',1000,14700000,'0919678431','TIEN GIANG');
INSERT into NHACUNGCAP(MACC,TENCC,MAMATHANG,TENMATHANG,LOAI,SL,GIA,SDT_NHACUNGCAP,DIACHI)values ('MCCCS','NHA CUNG CAP CU SAN','CS01','CU SAN','CU',1000,15000000,'0919678432','TIEN GIANG');

--INSERT INTO MATHANG
INSERT into MATHANG(MAMATHANG,TENMATHANG,LOAI,SL,GIA)values ('CA01','CAM','TRAI CAY',1,14000);
INSERT into MATHANG(MAMATHANG,TENMATHANG,LOAI,SL,GIA)values ('XO01','XOAI','TRAI CAY',1,15000);
INSERT into MATHANG(MAMATHANG,TENMATHANG,LOAI,SL,GIA)values ('QU01','QUYT','TRAI CAY',1,16000);
INSERT into MATHANG(MAMATHANG,TENMATHANG,LOAI,SL,GIA)values ('MA01','MAN','TRAI CAY',1,17000);
INSERT into MATHANG(MAMATHANG,TENMATHANG,LOAI,SL,GIA)values ('L01','LE','TRAI CAY',1,18000);
INSERT into MATHANG(MAMATHANG,TENMATHANG,LOAI,SL,GIA)values ('D01','DAO','TRAI CAY',1,19000);
INSERT into MATHANG(MAMATHANG,TENMATHANG,LOAI,SL,GIA)values ('B01','BUOI','TRAI CAY',1,20000);
INSERT into MATHANG(MAMATHANG,TENMATHANG,LOAI,SL,GIA)values ('DH01','DUA HAU','TRAI CAY',1,21000);
INSERT into MATHANG(MAMATHANG,TENMATHANG,LOAI,SL,GIA)values ('CHCH01','CHOM CHOM','TRAI CAY',1,13000);
INSERT into MATHANG(MAMATHANG,TENMATHANG,LOAI,SL,GIA)values ('TL01','THANHLONG','TRAI CAY',1,14000);
INSERT into MATHANG(MAMATHANG,TENMATHANG,LOAI,SL,GIA)values ('DG01','DUA GAN','TRAI CAY',1,15000);
INSERT into MATHANG(MAMATHANG,TENMATHANG,LOAI,SL,GIA)values ('T01','TAO','TRAI CAY',1,16000);
INSERT into MATHANG(MAMATHANG,TENMATHANG,LOAI,SL,GIA)values ('SR01','SAU RIENG','QUA',1,17000);
INSERT into MATHANG(MAMATHANG,TENMATHANG,LOAI,SL,GIA)values ('N01','NHAN','QUA',1,18000);
INSERT into MATHANG(MAMATHANG,TENMATHANG,LOAI,SL,GIA)values ('V01','VAI','QUA',1,19000);

INSERT into MATHANG(MAMATHANG,TENMATHANG,LOAI,SL,GIA)values ('RM01','RAU MA ','RAU',1,10000);
INSERT into MATHANG(MAMATHANG,TENMATHANG,LOAI,SL,GIA)values ('RDC01','RAU DIEP CA','RAU',1,7000);
INSERT into MATHANG(MAMATHANG,TENMATHANG,LOAI,SL,GIA)values ('RCT01','RAU CAI THIA','RAU',1,8000);
INSERT into MATHANG(MAMATHANG,TENMATHANG,LOAI,SL,GIA)values ('RXL01','RAU XA LACH','RAU',1,9800);
INSERT into MATHANG(MAMATHANG,TENMATHANG,LOAI,SL,GIA)values ('RN01','RAU NGOT','RAU',1,7600);
INSERT into MATHANG(MAMATHANG,TENMATHANG,LOAI,SL,GIA)values ('RCN01','RAU CAI NGOT','RAU',1,12200);
INSERT into MATHANG(MAMATHANG,TENMATHANG,LOAI,SL,GIA)values ('RTO01','RAU TAN O','RAU',1,16500);
INSERT into MATHANG(MAMATHANG,TENMATHANG,LOAI,SL,GIA)values ('RBX01','RAU BOI XOI','RAU',1,15400);
INSERT into MATHANG(MAMATHANG,TENMATHANG,LOAI,SL,GIA)values ('SLT01','SUP LO TRANG','RAU',1,14300);
INSERT into MATHANG(MAMATHANG,TENMATHANG,LOAI,SL,GIA)values ('SLX01','SUP LO XANH','RAU',1,10000);

INSERT into MATHANG(MAMATHANG,TENMATHANG,LOAI,SL,GIA)values ('CCT01','CU CAI TRANG','CU',1,14000);
INSERT into MATHANG(MAMATHANG,TENMATHANG,LOAI,SL,GIA)values ('CCD01','CU CAI DO','CU',1,16000);
INSERT into MATHANG(MAMATHANG,TENMATHANG,LOAI,SL,GIA)values ('CCR01','CU CA ROT','CU',1,14000);
INSERT into MATHANG(MAMATHANG,TENMATHANG,LOAI,SL,GIA)values ('CCSU01','CU SU','CU',1,16500);
INSERT into MATHANG(MAMATHANG,TENMATHANG,LOAI,SL,GIA)values ('KT01','KHOAI TAY','CU',1,7000);
INSERT into MATHANG(MAMATHANG,TENMATHANG,LOAI,SL,GIA)values ('KL01','KHOAI LANG','CU',1,14000);
INSERT into MATHANG(MAMATHANG,TENMATHANG,LOAI,SL,GIA)values ('CD01','CU DEN','CU',1,16700);
INSERT into MATHANG(MAMATHANG,TENMATHANG,LOAI,SL,GIA)values ('CS01','CU SAN','CU',1,17000);

--INSERT INTO KHACHHANG
INSERT into KHACHHANG(MAKH,TENKH,SDT_KHACHHANG,DIACHI)values ('MA01','TRAN TRAN SANG','0919678401','TIEN GIANG');
INSERT into KHACHHANG(MAKH,TENKH,SDT_KHACHHANG,DIACHI)values ('MA02','TRAN TRAN LONG','0919678402','TIEN GIANG');
INSERT into KHACHHANG(MAKH,TENKH,SDT_KHACHHANG,DIACHI)values ('MA03','TRAN TRAN HOANG','0919678403','TIEN GIANG');
INSERT into KHACHHANG(MAKH,TENKH,SDT_KHACHHANG,DIACHI)values ('MA04','NGUYEN VAN LOC','0919678404','TIEN GIANG');
INSERT into KHACHHANG(MAKH,TENKH,SDT_KHACHHANG,DIACHI)values ('MA05','LE VAN NAM','0919678405','TIEN GIANG');
INSERT into KHACHHANG(MAKH,TENKH,SDT_KHACHHANG,DIACHI)values ('MA06','TRAN TRAN HONG','0919678406','TIEN GIANG');
INSERT into KHACHHANG(MAKH,TENKH,SDT_KHACHHANG,DIACHI)values ('MA07','TRAN TRAN HUY','0919678407','TIEN GIANG');
INSERT into KHACHHANG(MAKH,TENKH,SDT_KHACHHANG,DIACHI)values ('MA08','TRAN HOANG LONG','0919678408','TIEN GIANG');
INSERT into KHACHHANG(MAKH,TENKH,SDT_KHACHHANG,DIACHI)values ('MA09','NGUYEN THANH VINH','0919678442','TIEN GIANG');
INSERT into KHACHHANG(MAKH,TENKH,SDT_KHACHHANG,DIACHI)values ('MA10','NGUYEN VO KHANH','0919675402','TIEN GIANG');
INSERT into KHACHHANG(MAKH,TENKH,SDT_KHACHHANG,DIACHI)values ('MA11','TRAN HOANG NGUYEN','0919675402','TIEN GIANG');
INSERT into KHACHHANG(MAKH,TENKH,SDT_KHACHHANG,DIACHI)values ('MA12','NGUYEN THANH QUANG','0919668402','TIEN GIANG');
INSERT into KHACHHANG(MAKH,TENKH,SDT_KHACHHANG,DIACHI)values ('MA13','NGUYEN THANH DAT','0919678402','TIEN GIANG');
INSERT into KHACHHANG(MAKH,TENKH,SDT_KHACHHANG,DIACHI)values ('MA14','TRAN VAN HOC','0919678432','TIEN GIANG');
INSERT into KHACHHANG(MAKH,TENKH,SDT_KHACHHANG,DIACHI)values ('MA15','NGUYEN LI UYEN','0919674402','TIEN GIANG');
INSERT into KHACHHANG(MAKH,TENKH,SDT_KHACHHANG,DIACHI)values ('MA16','DANG NHU PHUOC LAM','0939678402','TIEN GIANG');
INSERT into KHACHHANG(MAKH,TENKH,SDT_KHACHHANG,DIACHI)values ('MA17','DANG NHU TRAN PHUC','0959678402','TIEN GIANG');
INSERT into KHACHHANG(MAKH,TENKH,SDT_KHACHHANG,DIACHI)values ('MA18','LY TIEU LONG','0919678462','TIEN GIANG');
INSERT into KHACHHANG(MAKH,TENKH,SDT_KHACHHANG,DIACHI)values ('MA19','NGUYEN KIM NGUYEN','0916678402','TIEN GIANG');
INSERT into KHACHHANG(MAKH,TENKH,SDT_KHACHHANG,DIACHI)values ('MA20','NGUYEN VAN SANG','0919658402','TIEN GIANG');

--INSERT INTO MANAGER_NHACUNGCAP_KHOHANG
INSERT INTO MANAGER_NHACUNGCAP_KHOHANG(SOHD_MANAGER_NHAPHANGVE_NHACUNGCAP,TENHD_MANAGER_NHAPHANGVE_NHACUNGCAP,MACC,TENCC,SDT_SUPPLIER,MAQL,TENQL,SDT_MANAGER,SL,TONGGIA,NGAYNHAP) VALUES ('HDQLNH_MCCC','HOA DON QUAN LY NHAP HANG QUA CAM','MCCC','NHA CUNG CAP CAM','0919678401','QL01','NGUYEN VO KHANH','0949127481',1000,12000000,'5/12/2022')
INSERT INTO MANAGER_NHACUNGCAP_KHOHANG(SOHD_MANAGER_NHAPHANGVE_NHACUNGCAP,TENHD_MANAGER_NHAPHANGVE_NHACUNGCAP,MACC,TENCC,SDT_SUPPLIER,MAQL,TENQL,SDT_MANAGER,SL,TONGGIA,NGAYNHAP) VALUES ('HDQLNH_MCCX','HOA DON QUAN LY NHAP HANG QUA XOAI','MCCX','NHA CUNG CAP XOAI','0919678401','QL01','NGUYEN VO KHANH','0949127481',1000,13000000,'5/12/2022')
INSERT INTO MANAGER_NHACUNGCAP_KHOHANG(SOHD_MANAGER_NHAPHANGVE_NHACUNGCAP,TENHD_MANAGER_NHAPHANGVE_NHACUNGCAP,MACC,TENCC,SDT_SUPPLIER,MAQL,TENQL,SDT_MANAGER,SL,TONGGIA,NGAYNHAP) VALUES ('HDQLNH_MCCQ','HOA DON QUAN LY NHAP HANG QUA QUYT','MCCQ','NHA CUNG CAP QUYT','0919678401','QL01','NGUYEN VO KHANH','0949127481',1000,14000000,'5/12/2022')
INSERT INTO MANAGER_NHACUNGCAP_KHOHANG(SOHD_MANAGER_NHAPHANGVE_NHACUNGCAP,TENHD_MANAGER_NHAPHANGVE_NHACUNGCAP,MACC,TENCC,SDT_SUPPLIER,MAQL,TENQL,SDT_MANAGER,SL,TONGGIA,NGAYNHAP) VALUES ('HDQLNH_MCCM','HOA DON QUAN LY NHAP HANG QUA MAN','MCCM','NHA CUNG CAP MAN','0919678401','QL01','NGUYEN VO KHANH','0949127481',1000,15000000,'5/12/2022')
INSERT INTO MANAGER_NHACUNGCAP_KHOHANG(SOHD_MANAGER_NHAPHANGVE_NHACUNGCAP,TENHD_MANAGER_NHAPHANGVE_NHACUNGCAP,MACC,TENCC,SDT_SUPPLIER,MAQL,TENQL,SDT_MANAGER,SL,TONGGIA,NGAYNHAP) VALUES ('HDQLNH_MCCL','HOA DON QUAN LY NHAP HANG QUA LE','MCCL','NHA CUNG CAP LE','0919678401','QL01','NGUYEN VO KHANH','0949127481',1000,16000000,'5/12/2022')
INSERT INTO MANAGER_NHACUNGCAP_KHOHANG(SOHD_MANAGER_NHAPHANGVE_NHACUNGCAP,TENHD_MANAGER_NHAPHANGVE_NHACUNGCAP,MACC,TENCC,SDT_SUPPLIER,MAQL,TENQL,SDT_MANAGER,SL,TONGGIA,NGAYNHAP) VALUES ('HDQLNH_MCCD','HOA DON QUAN LY NHAP HANG QUA DAO','MCCD','NHA CUNG CAP DAO','0919678401','QL01','NGUYEN VO KHANH','0949127481',1000,17000000,'5/12/2022')
INSERT INTO MANAGER_NHACUNGCAP_KHOHANG(SOHD_MANAGER_NHAPHANGVE_NHACUNGCAP,TENHD_MANAGER_NHAPHANGVE_NHACUNGCAP,MACC,TENCC,SDT_SUPPLIER,MAQL,TENQL,SDT_MANAGER,SL,TONGGIA,NGAYNHAP) VALUES ('HDQLNH_MCCB','HOA DON QUAN LY NHAP HANG QUA BUOI','MCCB','NHA CUNG CAP BUOI','0919678401','QL01','NGUYEN VO KHANH','0949127481',1000,18000000,'5/12/2022')
INSERT INTO MANAGER_NHACUNGCAP_KHOHANG(SOHD_MANAGER_NHAPHANGVE_NHACUNGCAP,TENHD_MANAGER_NHAPHANGVE_NHACUNGCAP,MACC,TENCC,SDT_SUPPLIER,MAQL,TENQL,SDT_MANAGER,SL,TONGGIA,NGAYNHAP) VALUES ('HDQLNH_MCCDH','HOA DON QUAN LY NHAP HANG QUA DUA HAU','MCCDH','NHA CUNG CAP DUA HAU','0919678401','QL01','NGUYEN VO KHANH','0949127481',1000,19000000,'5/12/2022')
INSERT INTO MANAGER_NHACUNGCAP_KHOHANG(SOHD_MANAGER_NHAPHANGVE_NHACUNGCAP,TENHD_MANAGER_NHAPHANGVE_NHACUNGCAP,MACC,TENCC,SDT_SUPPLIER,MAQL,TENQL,SDT_MANAGER,SL,TONGGIA,NGAYNHAP) VALUES ('HDQLNH_MCCCC','HOA DON QUAN LY NHAP HANG QUA CHOM CHOM','MCCCC','NHA CUNG CAP CHOM CHOM','0919678401','QL01','NGUYEN VO KHANH','0949127481',1000,11000000,'5/12/2022')
INSERT INTO MANAGER_NHACUNGCAP_KHOHANG(SOHD_MANAGER_NHAPHANGVE_NHACUNGCAP,TENHD_MANAGER_NHAPHANGVE_NHACUNGCAP,MACC,TENCC,SDT_SUPPLIER,MAQL,TENQL,SDT_MANAGER,SL,TONGGIA,NGAYNHAP) VALUES ('HDQLNH_MCCTL','HOA DON QUAN LY NHAP HANG QUA THANH LONG','MCCTL','NHA CUNG CAP THANH LONG','0919678401','QL01','NGUYEN VO KHANH','0949127481',1000,12000000,'5/12/2022')
INSERT INTO MANAGER_NHACUNGCAP_KHOHANG(SOHD_MANAGER_NHAPHANGVE_NHACUNGCAP,TENHD_MANAGER_NHAPHANGVE_NHACUNGCAP,MACC,TENCC,SDT_SUPPLIER,MAQL,TENQL,SDT_MANAGER,SL,TONGGIA,NGAYNHAP) VALUES ('HDQLNH_MCCDG','HOA DON QUAN LY NHAP HANG QUA DUA GAN','MCCDG','NHA CUNG CAP DUA GAN','0919678401','QL01','NGUYEN VO KHANH','0949127481',1000,13000000,'5/12/2022')
INSERT INTO MANAGER_NHACUNGCAP_KHOHANG(SOHD_MANAGER_NHAPHANGVE_NHACUNGCAP,TENHD_MANAGER_NHAPHANGVE_NHACUNGCAP,MACC,TENCC,SDT_SUPPLIER,MAQL,TENQL,SDT_MANAGER,SL,TONGGIA,NGAYNHAP) VALUES ('HDQLNH_MCCT','HOA DON QUAN LY NHAP HANG QUA TAO','MCCT','NHA CUNG CAP TAO','0919678401','QL01','NGUYEN VO KHANH','0949127481',1000,14000000,'5/12/2022')
INSERT INTO MANAGER_NHACUNGCAP_KHOHANG(SOHD_MANAGER_NHAPHANGVE_NHACUNGCAP,TENHD_MANAGER_NHAPHANGVE_NHACUNGCAP,MACC,TENCC,SDT_SUPPLIER,MAQL,TENQL,SDT_MANAGER,SL,TONGGIA,NGAYNHAP) VALUES ('HDQLNH_MCCSR','HOA DON QUAN LY NHAP HANG QUA SAU RIENG','MCCSR','NHA CUNG CAP SAU RIENG','0919678401','QL01','NGUYEN VO KHANH','0949127481',1000,15000000,'5/12/2022')
INSERT INTO MANAGER_NHACUNGCAP_KHOHANG(SOHD_MANAGER_NHAPHANGVE_NHACUNGCAP,TENHD_MANAGER_NHAPHANGVE_NHACUNGCAP,MACC,TENCC,SDT_SUPPLIER,MAQL,TENQL,SDT_MANAGER,SL,TONGGIA,NGAYNHAP) VALUES ('HDQLNH_MCCN','HOA DON QUAN LY NHAP HANG QUA NHAN','MCCN','NHA CUNG CAP NHAN','0919678401','QL01','NGUYEN VO KHANH','0949127481',1000,16000000,'5/12/2022')
INSERT INTO MANAGER_NHACUNGCAP_KHOHANG(SOHD_MANAGER_NHAPHANGVE_NHACUNGCAP,TENHD_MANAGER_NHAPHANGVE_NHACUNGCAP,MACC,TENCC,SDT_SUPPLIER,MAQL,TENQL,SDT_MANAGER,SL,TONGGIA,NGAYNHAP) VALUES ('HDQLNH_MCCV','HOA DON QUAN LY NHAP HANG QUA VAI','MCCV','NHA CUNG CAP VAI','0919678401','QL01','NGUYEN VO KHANH','0949127481',1000,17000000,'5/12/2022')

INSERT INTO MANAGER_NHACUNGCAP_KHOHANG(SOHD_MANAGER_NHAPHANGVE_NHACUNGCAP,TENHD_MANAGER_NHAPHANGVE_NHACUNGCAP,MACC,TENCC,SDT_SUPPLIER,MAQL,TENQL,SDT_MANAGER,SL,TONGGIA,NGAYNHAP) VALUES ('HDQLNH_RM01','HOA DON QUAN LY NHAP HANG QUA RAU MA','MCCRM','NHA CUNG CAP RAU MA','0919678401','QL01','NGUYEN VO KHANH','0949127481',1000,8000000,'5/12/2022')
INSERT INTO MANAGER_NHACUNGCAP_KHOHANG(SOHD_MANAGER_NHAPHANGVE_NHACUNGCAP,TENHD_MANAGER_NHAPHANGVE_NHACUNGCAP,MACC,TENCC,SDT_SUPPLIER,MAQL,TENQL,SDT_MANAGER,SL,TONGGIA,NGAYNHAP) VALUES ('HDQLNH_RDC01','HOA DON QUAN LY NHAP HANG QUA RAU DIEP CA','MCCRDC','NHA CUNG CAP RAU DIEP CA','0919678401','QL01','NGUYEN VO KHANH','0949127481',1000,5000000,'5/12/2022')
INSERT INTO MANAGER_NHACUNGCAP_KHOHANG(SOHD_MANAGER_NHAPHANGVE_NHACUNGCAP,TENHD_MANAGER_NHAPHANGVE_NHACUNGCAP,MACC,TENCC,SDT_SUPPLIER,MAQL,TENQL,SDT_MANAGER,SL,TONGGIA,NGAYNHAP) VALUES ('HDQLNH_RCT01','HOA DON QUAN LY NHAP HANG QUA RAU CAI THIA','MCCRCT','NHA CUNG CAP RAU CAI THIA','0919678401','QL01','NGUYEN VO KHANH','0949127481',1000,6000000,'5/12/2022')
INSERT INTO MANAGER_NHACUNGCAP_KHOHANG(SOHD_MANAGER_NHAPHANGVE_NHACUNGCAP,TENHD_MANAGER_NHAPHANGVE_NHACUNGCAP,MACC,TENCC,SDT_SUPPLIER,MAQL,TENQL,SDT_MANAGER,SL,TONGGIA,NGAYNHAP) VALUES ('HDQLNH_RXL01','HOA DON QUAN LY NHAP HANG QUA RAU XA LACH','MCCRXL','NHA CUNG CAP RAU XA LACH','0919678401','QL01','NGUYEN VO KHANH','0949127481',1000,7800000,'5/12/2022')
INSERT INTO MANAGER_NHACUNGCAP_KHOHANG(SOHD_MANAGER_NHAPHANGVE_NHACUNGCAP,TENHD_MANAGER_NHAPHANGVE_NHACUNGCAP,MACC,TENCC,SDT_SUPPLIER,MAQL,TENQL,SDT_MANAGER,SL,TONGGIA,NGAYNHAP) VALUES ('HDQLNH_RN01','HOA DON QUAN LY NHAP HANG QUA RAU NGOT','MCCRN','NHA CUNG CAP RAU NGOT','0919678401','QL01','NGUYEN VO KHANH','0949127481',1000,5600000,'5/12/2022')
INSERT INTO MANAGER_NHACUNGCAP_KHOHANG(SOHD_MANAGER_NHAPHANGVE_NHACUNGCAP,TENHD_MANAGER_NHAPHANGVE_NHACUNGCAP,MACC,TENCC,SDT_SUPPLIER,MAQL,TENQL,SDT_MANAGER,SL,TONGGIA,NGAYNHAP) VALUES ('HDQLNH_RCN01','HOA DON QUAN LY NHAP HANG QUA RAU CAI NGOT','MCCRCN','NHA CUNG CAP RAU CAI NGOT','0919678401','QL01','NGUYEN VO KHANH','0949127481',1000,12000000,'5/12/2022')INSERT INTO MANAGER_NHACUNGCAP_KHOHANG(SOHD_MANAGER_NHAPHANGVE_NHACUNGCAP,TENHD_MANAGER_NHAPHANGVE_NHACUNGCAP,MACC,TENCC,SDT_SUPPLIER,MAQL,TENQL,SDT_MANAGER,SL,TONGGIA,NGAYNHAP) VALUES ('HDQLNH_RTO01','HOA DON QUAN LY NHAP HANG QUA RAU TAN O','MCCRTO','NHA CUNG CAP RAU TAN O','0919678401','QL01','NGUYEN VO KHANH','0949127481',1000,14500000,'5/12/2022')
INSERT INTO MANAGER_NHACUNGCAP_KHOHANG(SOHD_MANAGER_NHAPHANGVE_NHACUNGCAP,TENHD_MANAGER_NHAPHANGVE_NHACUNGCAP,MACC,TENCC,SDT_SUPPLIER,MAQL,TENQL,SDT_MANAGER,SL,TONGGIA,NGAYNHAP) VALUES ('HDQLNH_RBX01','HOA DON QUAN LY NHAP HANG QUA RAU BOI XOI','MCCRBX','NHA CUNG CAP RAU BOI XOI','0919678401','QL01','NGUYEN VO KHANH','0949127481',1000,13400000,'5/12/2022')
INSERT INTO MANAGER_NHACUNGCAP_KHOHANG(SOHD_MANAGER_NHAPHANGVE_NHACUNGCAP,TENHD_MANAGER_NHAPHANGVE_NHACUNGCAP,MACC,TENCC,SDT_SUPPLIER,MAQL,TENQL,SDT_MANAGER,SL,TONGGIA,NGAYNHAP) VALUES ('HDQLNH_SLT01','HOA DON QUAN LY NHAP HANG QUA SUP LO TRANG','MCCSLT','NHA CUNG CAP SUP LO TRANG','0919678401','QL01','NGUYEN VO KHANH','0949127481',1000,12300000,'5/12/2022')INSERT INTO MANAGER_NHACUNGCAP_KHOHANG(SOHD_MANAGER_NHAPHANGVE_NHACUNGCAP,TENHD_MANAGER_NHAPHANGVE_NHACUNGCAP,MACC,TENCC,SDT_SUPPLIER,MAQL,TENQL,SDT_MANAGER,SL,TONGGIA,NGAYNHAP) VALUES ('HDQLNH_SLX01','HOA DON QUAN LY NHAP HANG QUA SUP LO XANH','MCCSLX','NHA CUNG CAP SUP LO XANH','0919678401','QL01','NGUYEN VO KHANH','0949127481',1000,8000000,'5/12/2022')

INSERT INTO MANAGER_NHACUNGCAP_KHOHANG(SOHD_MANAGER_NHAPHANGVE_NHACUNGCAP,TENHD_MANAGER_NHAPHANGVE_NHACUNGCAP,MACC,TENCC,SDT_SUPPLIER,MAQL,TENQL,SDT_MANAGER,SL,TONGGIA,NGAYNHAP) VALUES ('HDQLNH_CCT01','HOA DON QUAN LY NHAP HANG QUA CU CAI TRANG','MCCCT','NHA CUNG CAP CU CAI TRANG','0919678401','QL01','NGUYEN VO KHANH','0949127481',1000,12000000,'5/12/2022')
INSERT INTO MANAGER_NHACUNGCAP_KHOHANG(SOHD_MANAGER_NHAPHANGVE_NHACUNGCAP,TENHD_MANAGER_NHAPHANGVE_NHACUNGCAP,MACC,TENCC,SDT_SUPPLIER,MAQL,TENQL,SDT_MANAGER,SL,TONGGIA,NGAYNHAP) VALUES ('HDQLNH_CCD01','HOA DON QUAN LY NHAP HANG QUA CU CAI DO','MCCCD','NHA CUNG CAP CU CAI DO','0919678401','QL01','NGUYEN VO KHANH','0949127481',1000,14000000,'5/12/2022')
INSERT INTO MANAGER_NHACUNGCAP_KHOHANG(SOHD_MANAGER_NHAPHANGVE_NHACUNGCAP,TENHD_MANAGER_NHAPHANGVE_NHACUNGCAP,MACC,TENCC,SDT_SUPPLIER,MAQL,TENQL,SDT_MANAGER,SL,TONGGIA,NGAYNHAP) VALUES ('HDQLNH_CCR01','HOA DON QUAN LY NHAP HANG QUA CU CA ROT','MCCCR','NHA CUNG CAP CU CA ROT','0919678401','QL01','NGUYEN VO KHANH','0949127481',1000,12000000,'5/12/2022')
INSERT INTO MANAGER_NHACUNGCAP_KHOHANG(SOHD_MANAGER_NHAPHANGVE_NHACUNGCAP,TENHD_MANAGER_NHAPHANGVE_NHACUNGCAP,MACC,TENCC,SDT_SUPPLIER,MAQL,TENQL,SDT_MANAGER,SL,TONGGIA,NGAYNHAP) VALUES ('HDQLNH_CCSU01','HOA DON QUAN LY NHAP HANG QUA CU SU','MCCCS','NHA CUNG CAP CU SU','0919678401','QL01','NGUYEN VO KHANH','0949127481',1000,14500000,'5/12/2022')
INSERT INTO MANAGER_NHACUNGCAP_KHOHANG(SOHD_MANAGER_NHAPHANGVE_NHACUNGCAP,TENHD_MANAGER_NHAPHANGVE_NHACUNGCAP,MACC,TENCC,SDT_SUPPLIER,MAQL,TENQL,SDT_MANAGER,SL,TONGGIA,NGAYNHAP) VALUES ('HDQLNH_KT01','HOA DON QUAN LY NHAP HANG QUA KHOAI TAY','MCCCKT','NHA CUNG CAP KHOAI TAY','0919678401','QL01','NGUYEN VO KHANH','0949127481',1000,5000000,'5/12/2022')
INSERT INTO MANAGER_NHACUNGCAP_KHOHANG(SOHD_MANAGER_NHAPHANGVE_NHACUNGCAP,TENHD_MANAGER_NHAPHANGVE_NHACUNGCAP,MACC,TENCC,SDT_SUPPLIER,MAQL,TENQL,SDT_MANAGER,SL,TONGGIA,NGAYNHAP) VALUES ('HDQLNH_KL01','HOA DON QUAN LY NHAP HANG QUA KHOAI LANG','MCCCKL','NHA CUNG CAP KHOAI LANG','0919678401','QL01','NGUYEN VO KHANH','0949127481',1000,12000000,'5/12/2022')
INSERT INTO MANAGER_NHACUNGCAP_KHOHANG(SOHD_MANAGER_NHAPHANGVE_NHACUNGCAP,TENHD_MANAGER_NHAPHANGVE_NHACUNGCAP,MACC,TENCC,SDT_SUPPLIER,MAQL,TENQL,SDT_MANAGER,SL,TONGGIA,NGAYNHAP) VALUES ('HDQLNH_CD01','HOA DON QUAN LY NHAP HANG QUA CU DEN','MCCCD','NHA CUNG CAP CU DEN','0919678401','QL01','NGUYEN VO KHANH','0949127481',1000,14700000,'5/12/2022')
INSERT INTO MANAGER_NHACUNGCAP_KHOHANG(SOHD_MANAGER_NHAPHANGVE_NHACUNGCAP,TENHD_MANAGER_NHAPHANGVE_NHACUNGCAP,MACC,TENCC,SDT_SUPPLIER,MAQL,TENQL,SDT_MANAGER,SL,TONGGIA,NGAYNHAP) VALUES ('HDQLNH_CS01','HOA DON QUAN LY NHAP HANG QUA CU SAN','MCCCS','NHA CUNG CAP CU SAN','0919678401','QL01','NGUYEN VO KHANH','0949127481',1000,15000000,'5/12/2022')

--INSERT INTO MANAGER_KHOHANG
INSERT INTO MANAGER_KHO(SOHD_MANAGER_NHAPHANG_KHO,TENHD_MANAGER_NHAPHANG_KHO,MAQL,TENQL,SDT_MANAGER,MAKHO,TENKHO,SL,SL_CACLOAI,TONGIA,NGAYNHAP) VALUES ('HDQLNHK01','HOA DON QUAN LY NHAP HANG VAO KHO 01','QL01','NGUYEN VO KHANH','0965558473','KH01','KHA',1100,3,413800000,'5/12/2022')
INSERT INTO MANAGER_KHO(SOHD_MANAGER_NHAPHANG_KHO,TENHD_MANAGER_NHAPHANG_KHO,MAQL,TENQL,SDT_MANAGER,MAKHO,TENKHO,SL,SL_CACLOAI,TONGIA,NGAYNHAP) VALUES ('HDQLNHK02','HOA DON QUAN LY NHAP HANG VAO KHO 02','QL01','NGUYEN VO KHANH','0965558473','KH01','KHA',1100,3,413800000,'5/12/2022')
INSERT INTO MANAGER_KHO(SOHD_MANAGER_NHAPHANG_KHO,TENHD_MANAGER_NHAPHANG_KHO,MAQL,TENQL,SDT_MANAGER,MAKHO,TENKHO,SL,SL_CACLOAI,TONGIA,NGAYNHAP) VALUES ('HDQLNHK03','HOA DON QUAN LY NHAP HANG VAO KHO 03','QL01','NGUYEN VO KHANH','0965558473','KH01','KHA',1100,3,413800000,'5/12/2022')

--INSERT INTO KHOHANG_MATHANG
INSERT INTO KHOHANG_MATHANG(SOHD_KHOHANG_MATHANG,TENHD_KHOHANG_MATHANG,MAKHO,TENKHO,MAMATHANG,TENMATHANG,TINHTRANG,LOAI,TONGGIA,SL) VALUES ('HDKHMTKA_MCCC','HOA DON KHO HANG CO MAT HANG LA CAM','KH01','KHA','MCCC','CAM','MOI','TRAI CAY',420420.4204204205,33.3)
INSERT INTO KHOHANG_MATHANG(SOHD_KHOHANG_MATHANG,TENHD_KHOHANG_MATHANG,MAKHO,TENKHO,MAMATHANG,TENMATHANG,TINHTRANG,LOAI,TONGGIA,SL) VALUES ('HDKHMTKA_MCCX','HOA DON KHO HANG CO MAT HANG LA XOAI','KH01','KHA','MCCX','XOAI','MOI','TRAI CAY',450450.4504504505,33.3)
INSERT INTO KHOHANG_MATHANG(SOHD_KHOHANG_MATHANG,TENHD_KHOHANG_MATHANG,MAKHO,TENKHO,MAMATHANG,TENMATHANG,TINHTRANG,LOAI,TONGGIA,SL) VALUES ('HDKHMTKA_MCCQ','HOA DON KHO HANG CO MAT HANG LA QUYT','KH01','KHA','MCCQ','QUYT','MOI','TRAI CAY',480480.48048048053,33.3)
INSERT INTO KHOHANG_MATHANG(SOHD_KHOHANG_MATHANG,TENHD_KHOHANG_MATHANG,MAKHO,TENKHO,MAMATHANG,TENMATHANG,TINHTRANG,LOAI,TONGGIA,SL) VALUES ('HDKHMTKA_MCCM','HOA DON KHO HANG CO MAT HANG LA MAN','KH01','KHA','MCCM','MAN','MOI','TRAI CAY',510510.51051051053,33.3)
INSERT INTO KHOHANG_MATHANG(SOHD_KHOHANG_MATHANG,TENHD_KHOHANG_MATHANG,MAKHO,TENKHO,MAMATHANG,TENMATHANG,TINHTRANG,LOAI,TONGGIA,SL) VALUES ('HDKHMTKA_MCCL','HOA DON KHO HANG CO MAT HANG LA LE','KH01','KHA','MCCL','LE','MOI','TRAI CAY',540540.5405405406,33.3)
INSERT INTO KHOHANG_MATHANG(SOHD_KHOHANG_MATHANG,TENHD_KHOHANG_MATHANG,MAKHO,TENKHO,MAMATHANG,TENMATHANG,TINHTRANG,LOAI,TONGGIA,SL) VALUES ('HDKHMTKA_MCCD','HOA DON KHO HANG CO MAT HANG LA DAO','KH01','KHA','MCCD','DAO','MOI','TRAI CAY',570570.5705705706,33.3)
INSERT INTO KHOHANG_MATHANG(SOHD_KHOHANG_MATHANG,TENHD_KHOHANG_MATHANG,MAKHO,TENKHO,MAMATHANG,TENMATHANG,TINHTRANG,LOAI,TONGGIA,SL) VALUES ('HDKHMTKA_MCCB','HOA DON KHO HANG CO MAT HANG LA BUOI','KH01','KHA','MCCB','BUOI','MOI','TRAI CAY',600600.6006006007,33.3)
INSERT INTO KHOHANG_MATHANG(SOHD_KHOHANG_MATHANG,TENHD_KHOHANG_MATHANG,MAKHO,TENKHO,MAMATHANG,TENMATHANG,TINHTRANG,LOAI,TONGGIA,SL) VALUES ('HDKHMTKA_MCCDH','HOA DON KHO HANG CO MAT HANG LA DUA HAU','KH01','KHA','MCCDH','DUA HAU','MOI','TRAI CAY',630630.6306306307,33.3)
INSERT INTO KHOHANG_MATHANG(SOHD_KHOHANG_MATHANG,TENHD_KHOHANG_MATHANG,MAKHO,TENKHO,MAMATHANG,TENMATHANG,TINHTRANG,LOAI,TONGGIA,SL) VALUES ('HDKHMTKA_MCCCC','HOA DON KHO HANG CO MAT HANG LA CHOM CHOM','KH01','KHA','MCCCC','CHOM CHOM','MOI','TRAI CAY',660660.6606606607,33.3)
INSERT INTO KHOHANG_MATHANG(SOHD_KHOHANG_MATHANG,TENHD_KHOHANG_MATHANG,MAKHO,TENKHO,MAMATHANG,TENMATHANG,TINHTRANG,LOAI,TONGGIA,SL) VALUES ('HDKHMTKA_MCCTL','HOA DON KHO HANG CO MAT HANG LA THANH LONG','KH01','KHA','MCCTL','THANH LONG','MOI','TRAI CAY',690690.6906906908,33.3)
INSERT INTO KHOHANG_MATHANG(SOHD_KHOHANG_MATHANG,TENHD_KHOHANG_MATHANG,MAKHO,TENKHO,MAMATHANG,TENMATHANG,TINHTRANG,LOAI,TONGGIA,SL) VALUES ('HDKHMTKA_MCCDG','HOA DON KHO HANG CO MAT HANG LA DUA GAN','KH01','KHA','MCCDG','DUA GAN','MOI','TRAI CAY',720720.7207207208,33.3)
INSERT INTO KHOHANG_MATHANG(SOHD_KHOHANG_MATHANG,TENHD_KHOHANG_MATHANG,MAKHO,TENKHO,MAMATHANG,TENMATHANG,TINHTRANG,LOAI,TONGGIA,SL) VALUES ('HDKHMTKA_MCCT','HOA DON KHO HANG CO MAT HANG LA TAO','KH01','KHA','MCCT','TAO','MOI','TRAI CAY',420420.4204204205,33.3)
INSERT INTO KHOHANG_MATHANG(SOHD_KHOHANG_MATHANG,TENHD_KHOHANG_MATHANG,MAKHO,TENKHO,MAMATHANG,TENMATHANG,TINHTRANG,LOAI,TONGGIA,SL) VALUES ('HDKHMTKA_MCCSR','HOA DON KHO HANG CO MAT HANG LA SAU RIENG','KH01','KHA','MCCSR','SAU RIENG','MOI','TRAI CAY',450450.4504504505,33.3)
INSERT INTO KHOHANG_MATHANG(SOHD_KHOHANG_MATHANG,TENHD_KHOHANG_MATHANG,MAKHO,TENKHO,MAMATHANG,TENMATHANG,TINHTRANG,LOAI,TONGGIA,SL) VALUES ('HDKHMTKA_MCCN','HOA DON KHO HANG CO MAT HANG LA NHAN','KH01','KHA','MCCN','NHAN','MOI','TRAI CAY',480480.48048048053,33.3)
INSERT INTO KHOHANG_MATHANG(SOHD_KHOHANG_MATHANG,TENHD_KHOHANG_MATHANG,MAKHO,TENKHO,MAMATHANG,TENMATHANG,TINHTRANG,LOAI,TONGGIA,SL) VALUES ('HDKHMTKA_MCCV','HOA DON KHO HANG CO MAT HANG LA VAI','KH01','KHA','MCCV','VAI','MOI','TRAI CAY',510510.51051051053,33.3)
INSERT INTO KHOHANG_MATHANG(SOHD_KHOHANG_MATHANG,TENHD_KHOHANG_MATHANG,MAKHO,TENKHO,MAMATHANG,TENMATHANG,TINHTRANG,LOAI,TONGGIA,SL) VALUES ('HDKHMTKA_RM01','HOA DON KHO HANG CO MAT HANG LA RAU MA','KH01','KHA','RM01','RAU MA','MOI','TRAI CAY',300300.30030030035,33.3)
INSERT INTO KHOHANG_MATHANG(SOHD_KHOHANG_MATHANG,TENHD_KHOHANG_MATHANG,MAKHO,TENKHO,MAMATHANG,TENMATHANG,TINHTRANG,LOAI,TONGGIA,SL) VALUES ('HDKHMTKA_RDC01','HOA DON KHO HANG CO MAT HANG LA RAU DIEP CA','KH01','KHA','RDC01','RAU DIEP CA','MOI','TRAI CAY',210210.21021021024,33.3)
INSERT INTO KHOHANG_MATHANG(SOHD_KHOHANG_MATHANG,TENHD_KHOHANG_MATHANG,MAKHO,TENKHO,MAMATHANG,TENMATHANG,TINHTRANG,LOAI,TONGGIA,SL) VALUES ('HDKHMTKA_RCT01','HOA DON KHO HANG CO MAT HANG LA RAU CAI THIA','KH01','KHA','RCT01','RAU CAI THIA','MOI','TRAI CAY',240240.24024024027,33.3)
INSERT INTO KHOHANG_MATHANG(SOHD_KHOHANG_MATHANG,TENHD_KHOHANG_MATHANG,MAKHO,TENKHO,MAMATHANG,TENMATHANG,TINHTRANG,LOAI,TONGGIA,SL) VALUES ('HDKHMTKA_RXL01','HOA DON KHO HANG CO MAT HANG LA RAU XA LACH','KH01','KHA','RXL01','RAU XA LACH','MOI','TRAI CAY',294294.2942942943,33.3)
INSERT INTO KHOHANG_MATHANG(SOHD_KHOHANG_MATHANG,TENHD_KHOHANG_MATHANG,MAKHO,TENKHO,MAMATHANG,TENMATHANG,TINHTRANG,LOAI,TONGGIA,SL) VALUES ('HDKHMTKA_RN01','HOA DON KHO HANG CO MAT HANG LA RAU NGOT','KH01','KHA','RN01','RAU NGOT','MOI','TRAI CAY',228228.22822822825,33.3)
INSERT INTO KHOHANG_MATHANG(SOHD_KHOHANG_MATHANG,TENHD_KHOHANG_MATHANG,MAKHO,TENKHO,MAMATHANG,TENMATHANG,TINHTRANG,LOAI,TONGGIA,SL) VALUES ('HDKHMTKA_RCN01','HOA DON KHO HANG CO MAT HANG LA RAU CAI NGOT','KH01','KHA','RCN01','RAU CAI NGOT','MOI','TRAI CAY',36636.63663663664,33.3)
INSERT INTO KHOHANG_MATHANG(SOHD_KHOHANG_MATHANG,TENHD_KHOHANG_MATHANG,MAKHO,TENKHO,MAMATHANG,TENMATHANG,TINHTRANG,LOAI,TONGGIA,SL) VALUES ('HDKHMTKA_RTO01','HOA DON KHO HANG CO MAT HANG LA RAU TAN O','KH01','KHA','RTO01','RAU TAN O','MOI','TRAI CAY',495495.49549549556,33.3)
INSERT INTO KHOHANG_MATHANG(SOHD_KHOHANG_MATHANG,TENHD_KHOHANG_MATHANG,MAKHO,TENKHO,MAMATHANG,TENMATHANG,TINHTRANG,LOAI,TONGGIA,SL) VALUES ('HDKHMTKA_RBX01','HOA DON KHO HANG CO MAT HANG LA RAU BOI XOI','KH01','KHA','RBX01','RAU BOI XOI','MOI','TRAI CAY',462462.4624624625,33.3)
INSERT INTO KHOHANG_MATHANG(SOHD_KHOHANG_MATHANG,TENHD_KHOHANG_MATHANG,MAKHO,TENKHO,MAMATHANG,TENMATHANG,TINHTRANG,LOAI,TONGGIA,SL) VALUES ('HDKHMTKA_SLT01','HOA DON KHO HANG CO MAT HANG LA SUP LO TRANG','KH01','KHA','SLT01','SUP LO TRANG','MOI','TRAI CAY',429429.42942942947,33.3)
INSERT INTO KHOHANG_MATHANG(SOHD_KHOHANG_MATHANG,TENHD_KHOHANG_MATHANG,MAKHO,TENKHO,MAMATHANG,TENMATHANG,TINHTRANG,LOAI,TONGGIA,SL) VALUES ('HDKHMTKA_SLX01','HOA DON KHO HANG CO MAT HANG LA SUP LO XANH','KH01','KHA','SLX01','SUP LO XANH','MOI','TRAI CAY',300300.30030030035,33.3)
INSERT INTO KHOHANG_MATHANG(SOHD_KHOHANG_MATHANG,TENHD_KHOHANG_MATHANG,MAKHO,TENKHO,MAMATHANG,TENMATHANG,TINHTRANG,LOAI,TONGGIA,SL) VALUES ('HDKHMTKA_CCT01','HOA DON KHO HANG CO MAT HANG LA CU CAI TRANG','KH01','KHA','CCT01','CU CAI TRANG','MOI','TRAI CAY',420420.4204204205,33.3)
INSERT INTO KHOHANG_MATHANG(SOHD_KHOHANG_MATHANG,TENHD_KHOHANG_MATHANG,MAKHO,TENKHO,MAMATHANG,TENMATHANG,TINHTRANG,LOAI,TONGGIA,SL) VALUES ('HDKHMTKA_CCD01','HOA DON KHO HANG CO MAT HANG LA CU CAI DO','KH01','KHA','CCD01','CU CAI DO','MOI','TRAI CAY',480480.48048048053,33.3)
INSERT INTO KHOHANG_MATHANG(SOHD_KHOHANG_MATHANG,TENHD_KHOHANG_MATHANG,MAKHO,TENKHO,MAMATHANG,TENMATHANG,TINHTRANG,LOAI,TONGGIA,SL) VALUES ('HDKHMTKA_CCR01','HOA DON KHO HANG CO MAT HANG LA CU CA ROT','KH01','KHA','CCR01','CU CA ROT','MOI','TRAI CAY',420420.4204204205,33.3)
INSERT INTO KHOHANG_MATHANG(SOHD_KHOHANG_MATHANG,TENHD_KHOHANG_MATHANG,MAKHO,TENKHO,MAMATHANG,TENMATHANG,TINHTRANG,LOAI,TONGGIA,SL) VALUES ('HDKHMTKA_CCSU01','HOA DON KHO HANG CO MAT HANG LA CU SU','KH01','KHA','CCSU01','CU SU','MOI','TRAI CAY',495495.49549549556,33.3)
INSERT INTO KHOHANG_MATHANG(SOHD_KHOHANG_MATHANG,TENHD_KHOHANG_MATHANG,MAKHO,TENKHO,MAMATHANG,TENMATHANG,TINHTRANG,LOAI,TONGGIA,SL) VALUES ('HDKHMTKA_KT01','HOA DON KHO HANG CO MAT HANG LA KHOAI TAY','KH01','KHA','KT01','KHOAI TAY','MOI','TRAI CAY',210210.21021021024,33.3)
INSERT INTO KHOHANG_MATHANG(SOHD_KHOHANG_MATHANG,TENHD_KHOHANG_MATHANG,MAKHO,TENKHO,MAMATHANG,TENMATHANG,TINHTRANG,LOAI,TONGGIA,SL) VALUES ('HDKHMTKA_KL01','HOA DON KHO HANG CO MAT HANG LA KHOAI LANG','KH01','KHA','KL01','KHOAI LANG','MOI','TRAI CAY',420420.4204204205,33.3)
INSERT INTO KHOHANG_MATHANG(SOHD_KHOHANG_MATHANG,TENHD_KHOHANG_MATHANG,MAKHO,TENKHO,MAMATHANG,TENMATHANG,TINHTRANG,LOAI,TONGGIA,SL) VALUES ('HDKHMTKA_CD01','HOA DON KHO HANG CO MAT HANG LA CU DEN','KH01','KHA','CD01','CU DEN','MOI','TRAI CAY',501501.50150150154,33.3)
INSERT INTO KHOHANG_MATHANG(SOHD_KHOHANG_MATHANG,TENHD_KHOHANG_MATHANG,MAKHO,TENKHO,MAMATHANG,TENMATHANG,TINHTRANG,LOAI,TONGGIA,SL) VALUES ('HDKHMTKA_CS01','HOA DON KHO HANG CO MAT HANG LA CU SAN','KH01','KHA','CS01','CU SAN','MOI','TRAI CAY',510510.51051051053,33.3)
INSERT INTO KHOHANG_MATHANG(SOHD_KHOHANG_MATHANG,TENHD_KHOHANG_MATHANG,MAKHO,TENKHO,MAMATHANG,TENMATHANG,TINHTRANG,LOAI,TONGGIA,SL) VALUES ('HDKHMTKB_MCCC','HOA DON KHO HANG CO MAT HANG LA CAM','KH02','KHB','MCCC','CAM','MOI','TRAI CAY',420420.4204204205,33.3)
INSERT INTO KHOHANG_MATHANG(SOHD_KHOHANG_MATHANG,TENHD_KHOHANG_MATHANG,MAKHO,TENKHO,MAMATHANG,TENMATHANG,TINHTRANG,LOAI,TONGGIA,SL) VALUES ('HDKHMTKB_MCCX','HOA DON KHO HANG CO MAT HANG LA XOAI','KH02','KHB','MCCX','XOAI','MOI','TRAI CAY',450450.4504504505,33.3)
INSERT INTO KHOHANG_MATHANG(SOHD_KHOHANG_MATHANG,TENHD_KHOHANG_MATHANG,MAKHO,TENKHO,MAMATHANG,TENMATHANG,TINHTRANG,LOAI,TONGGIA,SL) VALUES ('HDKHMTKB_MCCQ','HOA DON KHO HANG CO MAT HANG LA QUYT','KH02','KHB','MCCQ','QUYT','MOI','TRAI CAY',480480.48048048053,33.3)
INSERT INTO KHOHANG_MATHANG(SOHD_KHOHANG_MATHANG,TENHD_KHOHANG_MATHANG,MAKHO,TENKHO,MAMATHANG,TENMATHANG,TINHTRANG,LOAI,TONGGIA,SL) VALUES ('HDKHMTKB_MCCM','HOA DON KHO HANG CO MAT HANG LA MAN','KH02','KHB','MCCM','MAN','MOI','TRAI CAY',510510.51051051053,33.3)
INSERT INTO KHOHANG_MATHANG(SOHD_KHOHANG_MATHANG,TENHD_KHOHANG_MATHANG,MAKHO,TENKHO,MAMATHANG,TENMATHANG,TINHTRANG,LOAI,TONGGIA,SL) VALUES ('HDKHMTKB_MCCL','HOA DON KHO HANG CO MAT HANG LA LE','KH02','KHB','MCCL','LE','MOI','TRAI CAY',540540.5405405406,33.3)
INSERT INTO KHOHANG_MATHANG(SOHD_KHOHANG_MATHANG,TENHD_KHOHANG_MATHANG,MAKHO,TENKHO,MAMATHANG,TENMATHANG,TINHTRANG,LOAI,TONGGIA,SL) VALUES ('HDKHMTKB_MCCD','HOA DON KHO HANG CO MAT HANG LA DAO','KH02','KHB','MCCD','DAO','MOI','TRAI CAY',570570.5705705706,33.3)
INSERT INTO KHOHANG_MATHANG(SOHD_KHOHANG_MATHANG,TENHD_KHOHANG_MATHANG,MAKHO,TENKHO,MAMATHANG,TENMATHANG,TINHTRANG,LOAI,TONGGIA,SL) VALUES ('HDKHMTKB_MCCB','HOA DON KHO HANG CO MAT HANG LA BUOI','KH02','KHB','MCCB','BUOI','MOI','TRAI CAY',600600.6006006007,33.3)
INSERT INTO KHOHANG_MATHANG(SOHD_KHOHANG_MATHANG,TENHD_KHOHANG_MATHANG,MAKHO,TENKHO,MAMATHANG,TENMATHANG,TINHTRANG,LOAI,TONGGIA,SL) VALUES ('HDKHMTKB_MCCDH','HOA DON KHO HANG CO MAT HANG LA DUA HAU','KH02','KHB','MCCDH','DUA HAU','MOI','TRAI CAY',630630.6306306307,33.3)
INSERT INTO KHOHANG_MATHANG(SOHD_KHOHANG_MATHANG,TENHD_KHOHANG_MATHANG,MAKHO,TENKHO,MAMATHANG,TENMATHANG,TINHTRANG,LOAI,TONGGIA,SL) VALUES ('HDKHMTKB_MCCCC','HOA DON KHO HANG CO MAT HANG LA CHOM CHOM','KH02','KHB','MCCCC','CHOM CHOM','MOI','TRAI CAY',660660.6606606607,33.3)
INSERT INTO KHOHANG_MATHANG(SOHD_KHOHANG_MATHANG,TENHD_KHOHANG_MATHANG,MAKHO,TENKHO,MAMATHANG,TENMATHANG,TINHTRANG,LOAI,TONGGIA,SL) VALUES ('HDKHMTKB_MCCTL','HOA DON KHO HANG CO MAT HANG LA THANH LONG','KH02','KHB','MCCTL','THANH LONG','MOI','TRAI CAY',690690.6906906908,33.3)
INSERT INTO KHOHANG_MATHANG(SOHD_KHOHANG_MATHANG,TENHD_KHOHANG_MATHANG,MAKHO,TENKHO,MAMATHANG,TENMATHANG,TINHTRANG,LOAI,TONGGIA,SL) VALUES ('HDKHMTKB_MCCDG','HOA DON KHO HANG CO MAT HANG LA DUA GAN','KH02','KHB','MCCDG','DUA GAN','MOI','TRAI CAY',720720.7207207208,33.3)
INSERT INTO KHOHANG_MATHANG(SOHD_KHOHANG_MATHANG,TENHD_KHOHANG_MATHANG,MAKHO,TENKHO,MAMATHANG,TENMATHANG,TINHTRANG,LOAI,TONGGIA,SL) VALUES ('HDKHMTKB_MCCT','HOA DON KHO HANG CO MAT HANG LA TAO','KH02','KHB','MCCT','TAO','MOI','TRAI CAY',420420.4204204205,33.3)
INSERT INTO KHOHANG_MATHANG(SOHD_KHOHANG_MATHANG,TENHD_KHOHANG_MATHANG,MAKHO,TENKHO,MAMATHANG,TENMATHANG,TINHTRANG,LOAI,TONGGIA,SL) VALUES ('HDKHMTKB_MCCSR','HOA DON KHO HANG CO MAT HANG LA SAU RIENG','KH02','KHB','MCCSR','SAU RIENG','MOI','TRAI CAY',450450.4504504505,33.3)
INSERT INTO KHOHANG_MATHANG(SOHD_KHOHANG_MATHANG,TENHD_KHOHANG_MATHANG,MAKHO,TENKHO,MAMATHANG,TENMATHANG,TINHTRANG,LOAI,TONGGIA,SL) VALUES ('HDKHMTKB_MCCN','HOA DON KHO HANG CO MAT HANG LA NHAN','KH02','KHB','MCCN','NHAN','MOI','TRAI CAY',480480.48048048053,33.3)
INSERT INTO KHOHANG_MATHANG(SOHD_KHOHANG_MATHANG,TENHD_KHOHANG_MATHANG,MAKHO,TENKHO,MAMATHANG,TENMATHANG,TINHTRANG,LOAI,TONGGIA,SL) VALUES ('HDKHMTKB_MCCV','HOA DON KHO HANG CO MAT HANG LA VAI','KH02','KHB','MCCV','VAI','MOI','TRAI CAY',510510.51051051053,33.3)
INSERT INTO KHOHANG_MATHANG(SOHD_KHOHANG_MATHANG,TENHD_KHOHANG_MATHANG,MAKHO,TENKHO,MAMATHANG,TENMATHANG,TINHTRANG,LOAI,TONGGIA,SL) VALUES ('HDKHMTKB_RM01','HOA DON KHO HANG CO MAT HANG LA RAU MA','KH02','KHB','RM01','RAU MA','MOI','TRAI CAY',300300.30030030035,33.3)
INSERT INTO KHOHANG_MATHANG(SOHD_KHOHANG_MATHANG,TENHD_KHOHANG_MATHANG,MAKHO,TENKHO,MAMATHANG,TENMATHANG,TINHTRANG,LOAI,TONGGIA,SL) VALUES ('HDKHMTKB_RDC01','HOA DON KHO HANG CO MAT HANG LA RAU DIEP CA','KH02','KHB','RDC01','RAU DIEP CA','MOI','TRAI CAY',210210.21021021024,33.3)
INSERT INTO KHOHANG_MATHANG(SOHD_KHOHANG_MATHANG,TENHD_KHOHANG_MATHANG,MAKHO,TENKHO,MAMATHANG,TENMATHANG,TINHTRANG,LOAI,TONGGIA,SL) VALUES ('HDKHMTKB_RCT01','HOA DON KHO HANG CO MAT HANG LA RAU CAI THIA','KH02','KHB','RCT01','RAU CAI THIA','MOI','TRAI CAY',240240.24024024027,33.3)
INSERT INTO KHOHANG_MATHANG(SOHD_KHOHANG_MATHANG,TENHD_KHOHANG_MATHANG,MAKHO,TENKHO,MAMATHANG,TENMATHANG,TINHTRANG,LOAI,TONGGIA,SL) VALUES ('HDKHMTKB_RXL01','HOA DON KHO HANG CO MAT HANG LA RAU XA LACH','KH02','KHB','RXL01','RAU XA LACH','MOI','TRAI CAY',294294.2942942943,33.3)
INSERT INTO KHOHANG_MATHANG(SOHD_KHOHANG_MATHANG,TENHD_KHOHANG_MATHANG,MAKHO,TENKHO,MAMATHANG,TENMATHANG,TINHTRANG,LOAI,TONGGIA,SL) VALUES ('HDKHMTKB_RN01','HOA DON KHO HANG CO MAT HANG LA RAU NGOT','KH02','KHB','RN01','RAU NGOT','MOI','TRAI CAY',228228.22822822825,33.3)
INSERT INTO KHOHANG_MATHANG(SOHD_KHOHANG_MATHANG,TENHD_KHOHANG_MATHANG,MAKHO,TENKHO,MAMATHANG,TENMATHANG,TINHTRANG,LOAI,TONGGIA,SL) VALUES ('HDKHMTKB_RCN01','HOA DON KHO HANG CO MAT HANG LA RAU CAI NGOT','KH02','KHB','RCN01','RAU CAI NGOT','MOI','TRAI CAY',36636.63663663664,33.3)
INSERT INTO KHOHANG_MATHANG(SOHD_KHOHANG_MATHANG,TENHD_KHOHANG_MATHANG,MAKHO,TENKHO,MAMATHANG,TENMATHANG,TINHTRANG,LOAI,TONGGIA,SL) VALUES ('HDKHMTKB_RTO01','HOA DON KHO HANG CO MAT HANG LA RAU TAN O','KH02','KHB','RTO01','RAU TAN O','MOI','TRAI CAY',495495.49549549556,33.3)
INSERT INTO KHOHANG_MATHANG(SOHD_KHOHANG_MATHANG,TENHD_KHOHANG_MATHANG,MAKHO,TENKHO,MAMATHANG,TENMATHANG,TINHTRANG,LOAI,TONGGIA,SL) VALUES ('HDKHMTKB_RBX01','HOA DON KHO HANG CO MAT HANG LA RAU BOI XOI','KH02','KHB','RBX01','RAU BOI XOI','MOI','TRAI CAY',462462.4624624625,33.3)
INSERT INTO KHOHANG_MATHANG(SOHD_KHOHANG_MATHANG,TENHD_KHOHANG_MATHANG,MAKHO,TENKHO,MAMATHANG,TENMATHANG,TINHTRANG,LOAI,TONGGIA,SL) VALUES ('HDKHMTKB_SLT01','HOA DON KHO HANG CO MAT HANG LA SUP LO TRANG','KH02','KHB','SLT01','SUP LO TRANG','MOI','TRAI CAY',429429.42942942947,33.3)
INSERT INTO KHOHANG_MATHANG(SOHD_KHOHANG_MATHANG,TENHD_KHOHANG_MATHANG,MAKHO,TENKHO,MAMATHANG,TENMATHANG,TINHTRANG,LOAI,TONGGIA,SL) VALUES ('HDKHMTKB_SLX01','HOA DON KHO HANG CO MAT HANG LA SUP LO XANH','KH02','KHB','SLX01','SUP LO XANH','MOI','TRAI CAY',300300.30030030035,33.3)
INSERT INTO KHOHANG_MATHANG(SOHD_KHOHANG_MATHANG,TENHD_KHOHANG_MATHANG,MAKHO,TENKHO,MAMATHANG,TENMATHANG,TINHTRANG,LOAI,TONGGIA,SL) VALUES ('HDKHMTKB_CCT01','HOA DON KHO HANG CO MAT HANG LA CU CAI TRANG','KH02','KHB','CCT01','CU CAI TRANG','MOI','TRAI CAY',420420.4204204205,33.3)
INSERT INTO KHOHANG_MATHANG(SOHD_KHOHANG_MATHANG,TENHD_KHOHANG_MATHANG,MAKHO,TENKHO,MAMATHANG,TENMATHANG,TINHTRANG,LOAI,TONGGIA,SL) VALUES ('HDKHMTKB_CCD01','HOA DON KHO HANG CO MAT HANG LA CU CAI DO','KH02','KHB','CCD01','CU CAI DO','MOI','TRAI CAY',480480.48048048053,33.3)
INSERT INTO KHOHANG_MATHANG(SOHD_KHOHANG_MATHANG,TENHD_KHOHANG_MATHANG,MAKHO,TENKHO,MAMATHANG,TENMATHANG,TINHTRANG,LOAI,TONGGIA,SL) VALUES ('HDKHMTKB_CCR01','HOA DON KHO HANG CO MAT HANG LA CU CA ROT','KH02','KHB','CCR01','CU CA ROT','MOI','TRAI CAY',420420.4204204205,33.3)
INSERT INTO KHOHANG_MATHANG(SOHD_KHOHANG_MATHANG,TENHD_KHOHANG_MATHANG,MAKHO,TENKHO,MAMATHANG,TENMATHANG,TINHTRANG,LOAI,TONGGIA,SL) VALUES ('HDKHMTKB_CCSU01','HOA DON KHO HANG CO MAT HANG LA CU SU','KH02','KHB','CCSU01','CU SU','MOI','TRAI CAY',495495.49549549556,33.3)
INSERT INTO KHOHANG_MATHANG(SOHD_KHOHANG_MATHANG,TENHD_KHOHANG_MATHANG,MAKHO,TENKHO,MAMATHANG,TENMATHANG,TINHTRANG,LOAI,TONGGIA,SL) VALUES ('HDKHMTKB_KT01','HOA DON KHO HANG CO MAT HANG LA KHOAI TAY','KH02','KHB','KT01','KHOAI TAY','MOI','TRAI CAY',210210.21021021024,33.3)
INSERT INTO KHOHANG_MATHANG(SOHD_KHOHANG_MATHANG,TENHD_KHOHANG_MATHANG,MAKHO,TENKHO,MAMATHANG,TENMATHANG,TINHTRANG,LOAI,TONGGIA,SL) VALUES ('HDKHMTKB_KL01','HOA DON KHO HANG CO MAT HANG LA KHOAI LANG','KH02','KHB','KL01','KHOAI LANG','MOI','TRAI CAY',420420.4204204205,33.3)
INSERT INTO KHOHANG_MATHANG(SOHD_KHOHANG_MATHANG,TENHD_KHOHANG_MATHANG,MAKHO,TENKHO,MAMATHANG,TENMATHANG,TINHTRANG,LOAI,TONGGIA,SL) VALUES ('HDKHMTKB_CD01','HOA DON KHO HANG CO MAT HANG LA CU DEN','KH02','KHB','CD01','CU DEN','MOI','TRAI CAY',501501.50150150154,33.3)
INSERT INTO KHOHANG_MATHANG(SOHD_KHOHANG_MATHANG,TENHD_KHOHANG_MATHANG,MAKHO,TENKHO,MAMATHANG,TENMATHANG,TINHTRANG,LOAI,TONGGIA,SL) VALUES ('HDKHMTKB_CS01','HOA DON KHO HANG CO MAT HANG LA CU SAN','KH02','KHB','CS01','CU SAN','MOI','TRAI CAY',510510.51051051053,33.3)
INSERT INTO KHOHANG_MATHANG(SOHD_KHOHANG_MATHANG,TENHD_KHOHANG_MATHANG,MAKHO,TENKHO,MAMATHANG,TENMATHANG,TINHTRANG,LOAI,TONGGIA,SL) VALUES ('HDKHMTKC_MCCC','HOA DON KHO HANG CO MAT HANG LA CAM','KH03','KHC','MCCC','CAM','MOI','TRAI CAY',420420.4204204205,33.3)
INSERT INTO KHOHANG_MATHANG(SOHD_KHOHANG_MATHANG,TENHD_KHOHANG_MATHANG,MAKHO,TENKHO,MAMATHANG,TENMATHANG,TINHTRANG,LOAI,TONGGIA,SL) VALUES ('HDKHMTKC_MCCX','HOA DON KHO HANG CO MAT HANG LA XOAI','KH03','KHC','MCCX','XOAI','MOI','TRAI CAY',450450.4504504505,33.3)
INSERT INTO KHOHANG_MATHANG(SOHD_KHOHANG_MATHANG,TENHD_KHOHANG_MATHANG,MAKHO,TENKHO,MAMATHANG,TENMATHANG,TINHTRANG,LOAI,TONGGIA,SL) VALUES ('HDKHMTKC_MCCQ','HOA DON KHO HANG CO MAT HANG LA QUYT','KH03','KHC','MCCQ','QUYT','MOI','TRAI CAY',480480.48048048053,33.3)
INSERT INTO KHOHANG_MATHANG(SOHD_KHOHANG_MATHANG,TENHD_KHOHANG_MATHANG,MAKHO,TENKHO,MAMATHANG,TENMATHANG,TINHTRANG,LOAI,TONGGIA,SL) VALUES ('HDKHMTKC_MCCM','HOA DON KHO HANG CO MAT HANG LA MAN','KH03','KHC','MCCM','MAN','MOI','TRAI CAY',510510.51051051053,33.3)
INSERT INTO KHOHANG_MATHANG(SOHD_KHOHANG_MATHANG,TENHD_KHOHANG_MATHANG,MAKHO,TENKHO,MAMATHANG,TENMATHANG,TINHTRANG,LOAI,TONGGIA,SL) VALUES ('HDKHMTKC_MCCL','HOA DON KHO HANG CO MAT HANG LA LE','KH03','KHC','MCCL','LE','MOI','TRAI CAY',540540.5405405406,33.3)
INSERT INTO KHOHANG_MATHANG(SOHD_KHOHANG_MATHANG,TENHD_KHOHANG_MATHANG,MAKHO,TENKHO,MAMATHANG,TENMATHANG,TINHTRANG,LOAI,TONGGIA,SL) VALUES ('HDKHMTKC_MCCD','HOA DON KHO HANG CO MAT HANG LA DAO','KH03','KHC','MCCD','DAO','MOI','TRAI CAY',570570.5705705706,33.3)
INSERT INTO KHOHANG_MATHANG(SOHD_KHOHANG_MATHANG,TENHD_KHOHANG_MATHANG,MAKHO,TENKHO,MAMATHANG,TENMATHANG,TINHTRANG,LOAI,TONGGIA,SL) VALUES ('HDKHMTKC_MCCB','HOA DON KHO HANG CO MAT HANG LA BUOI','KH03','KHC','MCCB','BUOI','MOI','TRAI CAY',600600.6006006007,33.3)
INSERT INTO KHOHANG_MATHANG(SOHD_KHOHANG_MATHANG,TENHD_KHOHANG_MATHANG,MAKHO,TENKHO,MAMATHANG,TENMATHANG,TINHTRANG,LOAI,TONGGIA,SL) VALUES ('HDKHMTKC_MCCDH','HOA DON KHO HANG CO MAT HANG LA DUA HAU','KH03','KHC','MCCDH','DUA HAU','MOI','TRAI CAY',630630.6306306307,33.3)
INSERT INTO KHOHANG_MATHANG(SOHD_KHOHANG_MATHANG,TENHD_KHOHANG_MATHANG,MAKHO,TENKHO,MAMATHANG,TENMATHANG,TINHTRANG,LOAI,TONGGIA,SL) VALUES ('HDKHMTKC_MCCCC','HOA DON KHO HANG CO MAT HANG LA CHOM CHOM','KH03','KHC','MCCCC','CHOM CHOM','MOI','TRAI CAY',660660.6606606607,33.3)
INSERT INTO KHOHANG_MATHANG(SOHD_KHOHANG_MATHANG,TENHD_KHOHANG_MATHANG,MAKHO,TENKHO,MAMATHANG,TENMATHANG,TINHTRANG,LOAI,TONGGIA,SL) VALUES ('HDKHMTKC_MCCTL','HOA DON KHO HANG CO MAT HANG LA THANH LONG','KH03','KHC','MCCTL','THANH LONG','MOI','TRAI CAY',690690.6906906908,33.3)
INSERT INTO KHOHANG_MATHANG(SOHD_KHOHANG_MATHANG,TENHD_KHOHANG_MATHANG,MAKHO,TENKHO,MAMATHANG,TENMATHANG,TINHTRANG,LOAI,TONGGIA,SL) VALUES ('HDKHMTKC_MCCDG','HOA DON KHO HANG CO MAT HANG LA DUA GAN','KH03','KHC','MCCDG','DUA GAN','MOI','TRAI CAY',720720.7207207208,33.3)
INSERT INTO KHOHANG_MATHANG(SOHD_KHOHANG_MATHANG,TENHD_KHOHANG_MATHANG,MAKHO,TENKHO,MAMATHANG,TENMATHANG,TINHTRANG,LOAI,TONGGIA,SL) VALUES ('HDKHMTKC_MCCT','HOA DON KHO HANG CO MAT HANG LA TAO','KH03','KHC','MCCT','TAO','MOI','TRAI CAY',420420.4204204205,33.3)
INSERT INTO KHOHANG_MATHANG(SOHD_KHOHANG_MATHANG,TENHD_KHOHANG_MATHANG,MAKHO,TENKHO,MAMATHANG,TENMATHANG,TINHTRANG,LOAI,TONGGIA,SL) VALUES ('HDKHMTKC_MCCSR','HOA DON KHO HANG CO MAT HANG LA SAU RIENG','KH03','KHC','MCCSR','SAU RIENG','MOI','TRAI CAY',450450.4504504505,33.3)
INSERT INTO KHOHANG_MATHANG(SOHD_KHOHANG_MATHANG,TENHD_KHOHANG_MATHANG,MAKHO,TENKHO,MAMATHANG,TENMATHANG,TINHTRANG,LOAI,TONGGIA,SL) VALUES ('HDKHMTKC_MCCN','HOA DON KHO HANG CO MAT HANG LA NHAN','KH03','KHC','MCCN','NHAN','MOI','TRAI CAY',480480.48048048053,33.3)
INSERT INTO KHOHANG_MATHANG(SOHD_KHOHANG_MATHANG,TENHD_KHOHANG_MATHANG,MAKHO,TENKHO,MAMATHANG,TENMATHANG,TINHTRANG,LOAI,TONGGIA,SL) VALUES ('HDKHMTKC_MCCV','HOA DON KHO HANG CO MAT HANG LA VAI','KH03','KHC','MCCV','VAI','MOI','TRAI CAY',510510.51051051053,33.3)
INSERT INTO KHOHANG_MATHANG(SOHD_KHOHANG_MATHANG,TENHD_KHOHANG_MATHANG,MAKHO,TENKHO,MAMATHANG,TENMATHANG,TINHTRANG,LOAI,TONGGIA,SL) VALUES ('HDKHMTKC_RM01','HOA DON KHO HANG CO MAT HANG LA RAU MA','KH03','KHC','RM01','RAU MA','MOI','TRAI CAY',300300.30030030035,33.3)
INSERT INTO KHOHANG_MATHANG(SOHD_KHOHANG_MATHANG,TENHD_KHOHANG_MATHANG,MAKHO,TENKHO,MAMATHANG,TENMATHANG,TINHTRANG,LOAI,TONGGIA,SL) VALUES ('HDKHMTKC_RDC01','HOA DON KHO HANG CO MAT HANG LA RAU DIEP CA','KH03','KHC','RDC01','RAU DIEP CA','MOI','TRAI CAY',210210.21021021024,33.3)
INSERT INTO KHOHANG_MATHANG(SOHD_KHOHANG_MATHANG,TENHD_KHOHANG_MATHANG,MAKHO,TENKHO,MAMATHANG,TENMATHANG,TINHTRANG,LOAI,TONGGIA,SL) VALUES ('HDKHMTKC_RCT01','HOA DON KHO HANG CO MAT HANG LA RAU CAI THIA','KH03','KHC','RCT01','RAU CAI THIA','MOI','TRAI CAY',240240.24024024027,33.3)
INSERT INTO KHOHANG_MATHANG(SOHD_KHOHANG_MATHANG,TENHD_KHOHANG_MATHANG,MAKHO,TENKHO,MAMATHANG,TENMATHANG,TINHTRANG,LOAI,TONGGIA,SL) VALUES ('HDKHMTKC_RXL01','HOA DON KHO HANG CO MAT HANG LA RAU XA LACH','KH03','KHC','RXL01','RAU XA LACH','MOI','TRAI CAY',294294.2942942943,33.3)
INSERT INTO KHOHANG_MATHANG(SOHD_KHOHANG_MATHANG,TENHD_KHOHANG_MATHANG,MAKHO,TENKHO,MAMATHANG,TENMATHANG,TINHTRANG,LOAI,TONGGIA,SL) VALUES ('HDKHMTKC_RN01','HOA DON KHO HANG CO MAT HANG LA RAU NGOT','KH03','KHC','RN01','RAU NGOT','MOI','TRAI CAY',228228.22822822825,33.3)
INSERT INTO KHOHANG_MATHANG(SOHD_KHOHANG_MATHANG,TENHD_KHOHANG_MATHANG,MAKHO,TENKHO,MAMATHANG,TENMATHANG,TINHTRANG,LOAI,TONGGIA,SL) VALUES ('HDKHMTKC_RCN01','HOA DON KHO HANG CO MAT HANG LA RAU CAI NGOT','KH03','KHC','RCN01','RAU CAI NGOT','MOI','TRAI CAY',36636.63663663664,33.3)
INSERT INTO KHOHANG_MATHANG(SOHD_KHOHANG_MATHANG,TENHD_KHOHANG_MATHANG,MAKHO,TENKHO,MAMATHANG,TENMATHANG,TINHTRANG,LOAI,TONGGIA,SL) VALUES ('HDKHMTKC_RTO01','HOA DON KHO HANG CO MAT HANG LA RAU TAN O','KH03','KHC','RTO01','RAU TAN O','MOI','TRAI CAY',495495.49549549556,33.3)
INSERT INTO KHOHANG_MATHANG(SOHD_KHOHANG_MATHANG,TENHD_KHOHANG_MATHANG,MAKHO,TENKHO,MAMATHANG,TENMATHANG,TINHTRANG,LOAI,TONGGIA,SL) VALUES ('HDKHMTKC_RBX01','HOA DON KHO HANG CO MAT HANG LA RAU BOI XOI','KH03','KHC','RBX01','RAU BOI XOI','MOI','TRAI CAY',462462.4624624625,33.3)
INSERT INTO KHOHANG_MATHANG(SOHD_KHOHANG_MATHANG,TENHD_KHOHANG_MATHANG,MAKHO,TENKHO,MAMATHANG,TENMATHANG,TINHTRANG,LOAI,TONGGIA,SL) VALUES ('HDKHMTKC_SLT01','HOA DON KHO HANG CO MAT HANG LA SUP LO TRANG','KH03','KHC','SLT01','SUP LO TRANG','MOI','TRAI CAY',429429.42942942947,33.3)
INSERT INTO KHOHANG_MATHANG(SOHD_KHOHANG_MATHANG,TENHD_KHOHANG_MATHANG,MAKHO,TENKHO,MAMATHANG,TENMATHANG,TINHTRANG,LOAI,TONGGIA,SL) VALUES ('HDKHMTKC_SLX01','HOA DON KHO HANG CO MAT HANG LA SUP LO XANH','KH03','KHC','SLX01','SUP LO XANH','MOI','TRAI CAY',300300.30030030035,33.3)
INSERT INTO KHOHANG_MATHANG(SOHD_KHOHANG_MATHANG,TENHD_KHOHANG_MATHANG,MAKHO,TENKHO,MAMATHANG,TENMATHANG,TINHTRANG,LOAI,TONGGIA,SL) VALUES ('HDKHMTKC_CCT01','HOA DON KHO HANG CO MAT HANG LA CU CAI TRANG','KH03','KHC','CCT01','CU CAI TRANG','MOI','TRAI CAY',420420.4204204205,33.3)
INSERT INTO KHOHANG_MATHANG(SOHD_KHOHANG_MATHANG,TENHD_KHOHANG_MATHANG,MAKHO,TENKHO,MAMATHANG,TENMATHANG,TINHTRANG,LOAI,TONGGIA,SL) VALUES ('HDKHMTKC_CCD01','HOA DON KHO HANG CO MAT HANG LA CU CAI DO','KH03','KHC','CCD01','CU CAI DO','MOI','TRAI CAY',480480.48048048053,33.3)
INSERT INTO KHOHANG_MATHANG(SOHD_KHOHANG_MATHANG,TENHD_KHOHANG_MATHANG,MAKHO,TENKHO,MAMATHANG,TENMATHANG,TINHTRANG,LOAI,TONGGIA,SL) VALUES ('HDKHMTKC_CCR01','HOA DON KHO HANG CO MAT HANG LA CU CA ROT','KH03','KHC','CCR01','CU CA ROT','MOI','TRAI CAY',420420.4204204205,33.3)
INSERT INTO KHOHANG_MATHANG(SOHD_KHOHANG_MATHANG,TENHD_KHOHANG_MATHANG,MAKHO,TENKHO,MAMATHANG,TENMATHANG,TINHTRANG,LOAI,TONGGIA,SL) VALUES ('HDKHMTKC_CCSU01','HOA DON KHO HANG CO MAT HANG LA CU SU','KH03','KHC','CCSU01','CU SU','MOI','TRAI CAY',495495.49549549556,33.3)
INSERT INTO KHOHANG_MATHANG(SOHD_KHOHANG_MATHANG,TENHD_KHOHANG_MATHANG,MAKHO,TENKHO,MAMATHANG,TENMATHANG,TINHTRANG,LOAI,TONGGIA,SL) VALUES ('HDKHMTKC_KT01','HOA DON KHO HANG CO MAT HANG LA KHOAI TAY','KH03','KHC','KT01','KHOAI TAY','MOI','TRAI CAY',210210.21021021024,33.3)
INSERT INTO KHOHANG_MATHANG(SOHD_KHOHANG_MATHANG,TENHD_KHOHANG_MATHANG,MAKHO,TENKHO,MAMATHANG,TENMATHANG,TINHTRANG,LOAI,TONGGIA,SL) VALUES ('HDKHMTKC_KL01','HOA DON KHO HANG CO MAT HANG LA KHOAI LANG','KH03','KHC','KL01','KHOAI LANG','MOI','TRAI CAY',420420.4204204205,33.3)
INSERT INTO KHOHANG_MATHANG(SOHD_KHOHANG_MATHANG,TENHD_KHOHANG_MATHANG,MAKHO,TENKHO,MAMATHANG,TENMATHANG,TINHTRANG,LOAI,TONGGIA,SL) VALUES ('HDKHMTKC_CD01','HOA DON KHO HANG CO MAT HANG LA CU DEN','KH03','KHC','CD01','CU DEN','MOI','TRAI CAY',501501.50150150154,33.3)
INSERT INTO KHOHANG_MATHANG(SOHD_KHOHANG_MATHANG,TENHD_KHOHANG_MATHANG,MAKHO,TENKHO,MAMATHANG,TENMATHANG,TINHTRANG,LOAI,TONGGIA,SL) VALUES ('HDKHMTKC_CS01','HOA DON KHO HANG CO MAT HANG LA CU SAN','KH03','KHC','CS01','CU SAN','MOI','TRAI CAY',510510.51051051053,33.3)

--INSERT INTO NHANVIEN_KHOHANG_MATHANG
INSERT INTO NHANVIEN_KHOHANG_MATHANG(SOHD_NHANVIEN_BANHANG_MATHANG,TENHD_NHANVIEN_BANHANG_MATHANG,MANV,TENNV,SDT_EMPLOYEE,MAKHO,TENKHO,MAMATHANG,TENMATHANG,SL,GIA,NGAYLAY) VALUES ('HDNVLH_MCCC','HOA DON NHAN VIEN LAY HANG TU KHO CO MAT HANG LA CAM','NV01','NGUYEN THANH DAT','01246469270','KH01','KHA','MCCC','CAM',3.3,46200,'6/12/2022')
INSERT INTO NHANVIEN_KHOHANG_MATHANG(SOHD_NHANVIEN_BANHANG_MATHANG,TENHD_NHANVIEN_BANHANG_MATHANG,MANV,TENNV,SDT_EMPLOYEE,MAKHO,TENKHO,MAMATHANG,TENMATHANG,SL,GIA,NGAYLAY) VALUES ('HDNVLH_MCCX','HOA DON NHAN VIEN LAY HANG TU KHO CO MAT HANG LA XOAI','NV01','NGUYEN THANH DAT','01246469270','KH01','KHA','MCCX','XOAI',3.3,49500,'6/12/2022')
INSERT INTO NHANVIEN_KHOHANG_MATHANG(SOHD_NHANVIEN_BANHANG_MATHANG,TENHD_NHANVIEN_BANHANG_MATHANG,MANV,TENNV,SDT_EMPLOYEE,MAKHO,TENKHO,MAMATHANG,TENMATHANG,SL,GIA,NGAYLAY) VALUES ('HDNVLH_MCCQ','HOA DON NHAN VIEN LAY HANG TU KHO CO MAT HANG LA QUYT','NV01','NGUYEN THANH DAT','01246469270','KH01','KHA','MCCQ','QUYT',3.3,52800,'6/12/2022')
INSERT INTO NHANVIEN_KHOHANG_MATHANG(SOHD_NHANVIEN_BANHANG_MATHANG,TENHD_NHANVIEN_BANHANG_MATHANG,MANV,TENNV,SDT_EMPLOYEE,MAKHO,TENKHO,MAMATHANG,TENMATHANG,SL,GIA,NGAYLAY) VALUES ('HDNVLH_MCCM','HOA DON NHAN VIEN LAY HANG TU KHO CO MAT HANG LA MAN','NV01','NGUYEN THANH DAT','01246469270','KH01','KHA','MCCM','MAN',3.3,56100,'6/12/2022')
INSERT INTO NHANVIEN_KHOHANG_MATHANG(SOHD_NHANVIEN_BANHANG_MATHANG,TENHD_NHANVIEN_BANHANG_MATHANG,MANV,TENNV,SDT_EMPLOYEE,MAKHO,TENKHO,MAMATHANG,TENMATHANG,SL,GIA,NGAYLAY) VALUES ('HDNVLH_MCCL','HOA DON NHAN VIEN LAY HANG TU KHO CO MAT HANG LA LE','NV01','NGUYEN THANH DAT','01246469270','KH01','KHA','MCCL','LE',3.3,59400,'6/12/2022')
INSERT INTO NHANVIEN_KHOHANG_MATHANG(SOHD_NHANVIEN_BANHANG_MATHANG,TENHD_NHANVIEN_BANHANG_MATHANG,MANV,TENNV,SDT_EMPLOYEE,MAKHO,TENKHO,MAMATHANG,TENMATHANG,SL,GIA,NGAYLAY) VALUES ('HDNVLH_MCCD','HOA DON NHAN VIEN LAY HANG TU KHO CO MAT HANG LA DAO','NV01','NGUYEN THANH DAT','01246469270','KH01','KHA','MCCD','DAO',3.3,62700,'6/12/2022')
INSERT INTO NHANVIEN_KHOHANG_MATHANG(SOHD_NHANVIEN_BANHANG_MATHANG,TENHD_NHANVIEN_BANHANG_MATHANG,MANV,TENNV,SDT_EMPLOYEE,MAKHO,TENKHO,MAMATHANG,TENMATHANG,SL,GIA,NGAYLAY) VALUES ('HDNVLH_MCCB','HOA DON NHAN VIEN LAY HANG TU KHO CO MAT HANG LA BUOI','NV01','NGUYEN THANH DAT','01246469270','KH01','KHA','MCCB','BUOI',3.3,660000,'6/12/2022')
INSERT INTO NHANVIEN_KHOHANG_MATHANG(SOHD_NHANVIEN_BANHANG_MATHANG,TENHD_NHANVIEN_BANHANG_MATHANG,MANV,TENNV,SDT_EMPLOYEE,MAKHO,TENKHO,MAMATHANG,TENMATHANG,SL,GIA,NGAYLAY) VALUES ('HDNVLH_MCCDH','HOA DON NHAN VIEN LAY HANG TU KHO CO MAT HANG LA DUA HAU','NV01','NGUYEN THANH DAT','01246469270','KH01','KHA','MCCDH','DUA HAU',3.3,69300,'6/12/2022')
INSERT INTO NHANVIEN_KHOHANG_MATHANG(SOHD_NHANVIEN_BANHANG_MATHANG,TENHD_NHANVIEN_BANHANG_MATHANG,MANV,TENNV,SDT_EMPLOYEE,MAKHO,TENKHO,MAMATHANG,TENMATHANG,SL,GIA,NGAYLAY) VALUES ('HDNVLH_MCCCC','HOA DON NHAN VIEN LAY HANG TU KHO CO MAT HANG LA CHOM CHOM','NV01','NGUYEN THANH DAT','01246469270','KH01','KHA','MCCCC','CHOM CHOM',3.3,42900,'6/12/2022')
INSERT INTO NHANVIEN_KHOHANG_MATHANG(SOHD_NHANVIEN_BANHANG_MATHANG,TENHD_NHANVIEN_BANHANG_MATHANG,MANV,TENNV,SDT_EMPLOYEE,MAKHO,TENKHO,MAMATHANG,TENMATHANG,SL,GIA,NGAYLAY) VALUES ('HDNVLH_MCCTL','HOA DON NHAN VIEN LAY HANG TU KHO CO MAT HANG LA THANH LONG','NV01','NGUYEN THANH DAT','01246469270','KH01','KHA','MCCTL','THANH LONG',3.3,46200,'6/12/2022')
INSERT INTO NHANVIEN_KHOHANG_MATHANG(SOHD_NHANVIEN_BANHANG_MATHANG,TENHD_NHANVIEN_BANHANG_MATHANG,MANV,TENNV,SDT_EMPLOYEE,MAKHO,TENKHO,MAMATHANG,TENMATHANG,SL,GIA,NGAYLAY) VALUES ('HDNVLH_MCCDG','HOA DON NHAN VIEN LAY HANG TU KHO CO MAT HANG LA DUA GAN','NV01','NGUYEN THANH DAT','01246469270','KH01','KHA','MCCDG','DUA GAN',3.3,49500,'6/12/2022')
INSERT INTO NHANVIEN_KHOHANG_MATHANG(SOHD_NHANVIEN_BANHANG_MATHANG,TENHD_NHANVIEN_BANHANG_MATHANG,MANV,TENNV,SDT_EMPLOYEE,MAKHO,TENKHO,MAMATHANG,TENMATHANG,SL,GIA,NGAYLAY) VALUES ('HDNVLH_MCCT','HOA DON NHAN VIEN LAY HANG TU KHO CO MAT HANG LA TAO','NV01','NGUYEN THANH DAT','01246469270','KH01','KHA','MCCT','TAO',3.3,52800,'6/12/2022')
INSERT INTO NHANVIEN_KHOHANG_MATHANG(SOHD_NHANVIEN_BANHANG_MATHANG,TENHD_NHANVIEN_BANHANG_MATHANG,MANV,TENNV,SDT_EMPLOYEE,MAKHO,TENKHO,MAMATHANG,TENMATHANG,SL,GIA,NGAYLAY) VALUES ('HDNVLH_MCCSR','HOA DON NHAN VIEN LAY HANG TU KHO CO MAT HANG LA SAU RIENG','NV01','NGUYEN THANH DAT','01246469270','KH01','KHA','MCCSR','SAU RIENG',3.3,56100,'6/12/2022')
INSERT INTO NHANVIEN_KHOHANG_MATHANG(SOHD_NHANVIEN_BANHANG_MATHANG,TENHD_NHANVIEN_BANHANG_MATHANG,MANV,TENNV,SDT_EMPLOYEE,MAKHO,TENKHO,MAMATHANG,TENMATHANG,SL,GIA,NGAYLAY) VALUES ('HDNVLH_MCCN','HOA DON NHAN VIEN LAY HANG TU KHO CO MAT HANG LA NHAN','NV01','NGUYEN THANH DAT','01246469270','KH01','KHA','MCCN','NHAN',3.3,59400,'6/12/2022')
INSERT INTO NHANVIEN_KHOHANG_MATHANG(SOHD_NHANVIEN_BANHANG_MATHANG,TENHD_NHANVIEN_BANHANG_MATHANG,MANV,TENNV,SDT_EMPLOYEE,MAKHO,TENKHO,MAMATHANG,TENMATHANG,SL,GIA,NGAYLAY) VALUES ('HDNVLH_MCCV','HOA DON NHAN VIEN LAY HANG TU KHO CO MAT HANG LA VAI','NV01','NGUYEN THANH DAT','01246469270','KH01','KHA','MCCV','VAI',3.3,62700,'6/12/2022')
INSERT INTO NHANVIEN_KHOHANG_MATHANG(SOHD_NHANVIEN_BANHANG_MATHANG,TENHD_NHANVIEN_BANHANG_MATHANG,MANV,TENNV,SDT_EMPLOYEE,MAKHO,TENKHO,MAMATHANG,TENMATHANG,SL,GIA,NGAYLAY) VALUES ('HDNVLH_RM01','HOA DON NHAN VIEN LAY HANG TU KHO CO MAT HANG LA RAU MA','NV02','TRAN VO LOC','01246469271','KH01','KHA','RM01','RAU MA',3.3,33000,'6/12/2022')
INSERT INTO NHANVIEN_KHOHANG_MATHANG(SOHD_NHANVIEN_BANHANG_MATHANG,TENHD_NHANVIEN_BANHANG_MATHANG,MANV,TENNV,SDT_EMPLOYEE,MAKHO,TENKHO,MAMATHANG,TENMATHANG,SL,GIA,NGAYLAY) VALUES ('HDNVLH_RDC01','HOA DON NHAN VIEN LAY HANG TU KHO CO MAT HANG LA RAU DIEP CA','NV02','TRAN VO LOC','01246469271','KH01','KHA','RDC01','RAU DIEP CA',3.3,23100,'6/12/2022')
INSERT INTO NHANVIEN_KHOHANG_MATHANG(SOHD_NHANVIEN_BANHANG_MATHANG,TENHD_NHANVIEN_BANHANG_MATHANG,MANV,TENNV,SDT_EMPLOYEE,MAKHO,TENKHO,MAMATHANG,TENMATHANG,SL,GIA,NGAYLAY) VALUES ('HDNVLH_RCT01','HOA DON NHAN VIEN LAY HANG TU KHO CO MAT HANG LA RAU CAI THIA','NV02','TRAN VO LOC','01246469271','KH01','KHA','RCT01','RAU CAI THIA',3.3,26400,'6/12/2022')
INSERT INTO NHANVIEN_KHOHANG_MATHANG(SOHD_NHANVIEN_BANHANG_MATHANG,TENHD_NHANVIEN_BANHANG_MATHANG,MANV,TENNV,SDT_EMPLOYEE,MAKHO,TENKHO,MAMATHANG,TENMATHANG,SL,GIA,NGAYLAY) VALUES ('HDNVLH_RXL01','HOA DON NHAN VIEN LAY HANG TU KHO CO MAT HANG LA RAU XA LACH','NV02','TRAN VO LOC','01246469271','KH01','KHA','RXL01','RAU XA LACH',3.3,32340,'6/12/2022')
INSERT INTO NHANVIEN_KHOHANG_MATHANG(SOHD_NHANVIEN_BANHANG_MATHANG,TENHD_NHANVIEN_BANHANG_MATHANG,MANV,TENNV,SDT_EMPLOYEE,MAKHO,TENKHO,MAMATHANG,TENMATHANG,SL,GIA,NGAYLAY) VALUES ('HDNVLH_RN01','HOA DON NHAN VIEN LAY HANG TU KHO CO MAT HANG LA RAU NGOT','NV02','TRAN VO LOC','01246469271','KH01','KHA','RN01','RAU NGOT',3.3,25080,'6/12/2022')
INSERT INTO NHANVIEN_KHOHANG_MATHANG(SOHD_NHANVIEN_BANHANG_MATHANG,TENHD_NHANVIEN_BANHANG_MATHANG,MANV,TENNV,SDT_EMPLOYEE,MAKHO,TENKHO,MAMATHANG,TENMATHANG,SL,GIA,NGAYLAY) VALUES ('HDNVLH_RCN01','HOA DON NHAN VIEN LAY HANG TU KHO CO MAT HANG LA RAU CAI NGOT','NV02','TRAN VO LOC','01246469271','KH01','KHA','RCN01','RAU CAI NGOT',3.3,40260,'6/12/2022')
INSERT INTO NHANVIEN_KHOHANG_MATHANG(SOHD_NHANVIEN_BANHANG_MATHANG,TENHD_NHANVIEN_BANHANG_MATHANG,MANV,TENNV,SDT_EMPLOYEE,MAKHO,TENKHO,MAMATHANG,TENMATHANG,SL,GIA,NGAYLAY) VALUES ('HDNVLH_RTO01','HOA DON NHAN VIEN LAY HANG TU KHO CO MAT HANG LA RAU TAN O','NV02','TRAN VO LOC','01246469271','KH01','KHA','RTO01','RAU TAN O',3.3,54450,'6/12/2022')
INSERT INTO NHANVIEN_KHOHANG_MATHANG(SOHD_NHANVIEN_BANHANG_MATHANG,TENHD_NHANVIEN_BANHANG_MATHANG,MANV,TENNV,SDT_EMPLOYEE,MAKHO,TENKHO,MAMATHANG,TENMATHANG,SL,GIA,NGAYLAY) VALUES ('HDNVLH_RBX01','HOA DON NHAN VIEN LAY HANG TU KHO CO MAT HANG LA RAU BOI XOI','NV02','TRAN VO LOC','01246469271','KH01','KHA','RBX01','RAU BOI XOI',3.3,50820,'6/12/2022')
INSERT INTO NHANVIEN_KHOHANG_MATHANG(SOHD_NHANVIEN_BANHANG_MATHANG,TENHD_NHANVIEN_BANHANG_MATHANG,MANV,TENNV,SDT_EMPLOYEE,MAKHO,TENKHO,MAMATHANG,TENMATHANG,SL,GIA,NGAYLAY) VALUES ('HDNVLH_SLT01','HOA DON NHAN VIEN LAY HANG TU KHO CO MAT HANG LA SUP LO TRANG','NV02','TRAN VO LOC','01246469271','KH01','KHA','SLT01','SUP LO TRANG',3.3,47190,'6/12/2022')
INSERT INTO NHANVIEN_KHOHANG_MATHANG(SOHD_NHANVIEN_BANHANG_MATHANG,TENHD_NHANVIEN_BANHANG_MATHANG,MANV,TENNV,SDT_EMPLOYEE,MAKHO,TENKHO,MAMATHANG,TENMATHANG,SL,GIA,NGAYLAY) VALUES ('HDNVLH_SLX01','HOA DON NHAN VIEN LAY HANG TU KHO CO MAT HANG LA SUP LO XANH','NV02','TRAN VO LOC','01246469271','KH01','KHA','SLX01','SUP LO XANH',3.3,33000,'6/12/2022')
INSERT INTO NHANVIEN_KHOHANG_MATHANG(SOHD_NHANVIEN_BANHANG_MATHANG,TENHD_NHANVIEN_BANHANG_MATHANG,MANV,TENNV,SDT_EMPLOYEE,MAKHO,TENKHO,MAMATHANG,TENMATHANG,SL,GIA,NGAYLAY) VALUES ('HDNVLH_CCT01','HOA DON NHAN VIEN LAY HANG TU KHO CO MAT HANG LA CU CAI TRANG','NV03','LE PHU KHAI','01246469272','KH01','KHA','CCT01','CU CAI TRANG',3.3,46200,'6/12/2022')
INSERT INTO NHANVIEN_KHOHANG_MATHANG(SOHD_NHANVIEN_BANHANG_MATHANG,TENHD_NHANVIEN_BANHANG_MATHANG,MANV,TENNV,SDT_EMPLOYEE,MAKHO,TENKHO,MAMATHANG,TENMATHANG,SL,GIA,NGAYLAY) VALUES ('HDNVLH_CCD01','HOA DON NHAN VIEN LAY HANG TU KHO CO MAT HANG LA CU CAI DO','NV03','LE PHU KHAI','01246469272','KH01','KHA','CCD01','CU CAI DO',3.3,52800,'6/12/2022')
INSERT INTO NHANVIEN_KHOHANG_MATHANG(SOHD_NHANVIEN_BANHANG_MATHANG,TENHD_NHANVIEN_BANHANG_MATHANG,MANV,TENNV,SDT_EMPLOYEE,MAKHO,TENKHO,MAMATHANG,TENMATHANG,SL,GIA,NGAYLAY) VALUES ('HDNVLH_CCR01','HOA DON NHAN VIEN LAY HANG TU KHO CO MAT HANG LA CU CA ROT','NV03','LE PHU KHAI','01246469272','KH01','KHA','CCR01','CU CA ROT',3.3,46200,'6/12/2022')
INSERT INTO NHANVIEN_KHOHANG_MATHANG(SOHD_NHANVIEN_BANHANG_MATHANG,TENHD_NHANVIEN_BANHANG_MATHANG,MANV,TENNV,SDT_EMPLOYEE,MAKHO,TENKHO,MAMATHANG,TENMATHANG,SL,GIA,NGAYLAY) VALUES ('HDNVLH_CCSU01','HOA DON NHAN VIEN LAY HANG TU KHO CO MAT HANG LA CU SU','NV03','LE PHU KHAI','01246469272','KH01','KHA','CCSU01','CU SU',3.3,54450,'6/12/2022')
INSERT INTO NHANVIEN_KHOHANG_MATHANG(SOHD_NHANVIEN_BANHANG_MATHANG,TENHD_NHANVIEN_BANHANG_MATHANG,MANV,TENNV,SDT_EMPLOYEE,MAKHO,TENKHO,MAMATHANG,TENMATHANG,SL,GIA,NGAYLAY) VALUES ('HDNVLH_KT01','HOA DON NHAN VIEN LAY HANG TU KHO CO MAT HANG LA KHOAI TAY','NV03','LE PHU KHAI','01246469272','KH01','KHA','KT01','KHOAI TAY',3.3,23100,'6/12/2022')
INSERT INTO NHANVIEN_KHOHANG_MATHANG(SOHD_NHANVIEN_BANHANG_MATHANG,TENHD_NHANVIEN_BANHANG_MATHANG,MANV,TENNV,SDT_EMPLOYEE,MAKHO,TENKHO,MAMATHANG,TENMATHANG,SL,GIA,NGAYLAY) VALUES ('HDNVLH_KL01','HOA DON NHAN VIEN LAY HANG TU KHO CO MAT HANG LA KHOAI LANG','NV03','LE PHU KHAI','01246469272','KH01','KHA','KL01','KHOAI LANG',3.3,46200,'6/12/2022')
INSERT INTO NHANVIEN_KHOHANG_MATHANG(SOHD_NHANVIEN_BANHANG_MATHANG,TENHD_NHANVIEN_BANHANG_MATHANG,MANV,TENNV,SDT_EMPLOYEE,MAKHO,TENKHO,MAMATHANG,TENMATHANG,SL,GIA,NGAYLAY) VALUES ('HDNVLH_CD01','HOA DON NHAN VIEN LAY HANG TU KHO CO MAT HANG LA CU DEN','NV03','LE PHU KHAI','01246469272','KH01','KHA','CD01','CU DEN',3.3,55110,'6/12/2022')
INSERT INTO NHANVIEN_KHOHANG_MATHANG(SOHD_NHANVIEN_BANHANG_MATHANG,TENHD_NHANVIEN_BANHANG_MATHANG,MANV,TENNV,SDT_EMPLOYEE,MAKHO,TENKHO,MAMATHANG,TENMATHANG,SL,GIA,NGAYLAY) VALUES ('HDNVLH_CS01','HOA DON NHAN VIEN LAY HANG TU KHO CO MAT HANG LA CU SAN','NV03','LE PHU KHAI','01246469272','KH01','KHA','CS01','CU SAN',3.3,56100,'6/12/2022')

--INSERT INTO NHANVIEN_KHACHHANG_MATHANG
INSERT INTO NHANVIEN_KHACHHANG_MATHANG(SOHD_NHANVIEN_BANHANG_KHACHHANG, TENHD_NHANVIEN_BANHANG_KHACHHANG, MANV, TENNV, SDT_EMPLOYEE, MAKH, TENKH, SDT_CUSTOMER, MAMATHANG, TENMATHANG, SL, GIA) VALUES('HDNVBH_MCCC', 'HOA DON NHAN VIEN BAN HANG CHO KHACH HANG MAT HANG CAM', 'NV01', 'NGUYEN THANH DAT', '01246469270', 'KH01', 'TRAN TRAN SANG', '0919678401', 'MCCC', 'CAM', 3.3, 46200)
INSERT INTO NHANVIEN_KHACHHANG_MATHANG(SOHD_NHANVIEN_BANHANG_KHACHHANG, TENHD_NHANVIEN_BANHANG_KHACHHANG, MANV, TENNV, SDT_EMPLOYEE, MAKH, TENKH, SDT_CUSTOMER, MAMATHANG, TENMATHANG, SL, GIA) VALUES('HDNVBH_MCCX', 'HOA DON NHAN VIEN BAN HANG CHO KHACH HANG MAT HANG XOAI', 'NV01', 'NGUYEN THANH DAT', '01246469270', 'KH01', 'TRAN TRAN SANG', '0919678401', 'MCCX', 'XOAI', 3.3, 49500)
INSERT INTO NHANVIEN_KHACHHANG_MATHANG(SOHD_NHANVIEN_BANHANG_KHACHHANG, TENHD_NHANVIEN_BANHANG_KHACHHANG, MANV, TENNV, SDT_EMPLOYEE, MAKH, TENKH, SDT_CUSTOMER, MAMATHANG, TENMATHANG, SL, GIA) VALUES('HDNVBH_MCCQ', 'HOA DON NHAN VIEN BAN HANG CHO KHACH HANG MAT HANG QUYT', 'NV01', 'NGUYEN THANH DAT', '01246469270', 'KH01', 'TRAN TRAN SANG', '0919678401', 'MCCQ', 'QUYT', 3.3, 52800)
INSERT INTO NHANVIEN_KHACHHANG_MATHANG(SOHD_NHANVIEN_BANHANG_KHACHHANG, TENHD_NHANVIEN_BANHANG_KHACHHANG, MANV, TENNV, SDT_EMPLOYEE, MAKH, TENKH, SDT_CUSTOMER, MAMATHANG, TENMATHANG, SL, GIA) VALUES('HDNVBH_MCCM', 'HOA DON NHAN VIEN BAN HANG CHO KHACH HANG MAT HANG MAN', 'NV01', 'NGUYEN THANH DAT', '01246469270', 'KH01', 'TRAN TRAN SANG', '0919678401', 'MCCM', 'MAN', 3.3, 56100)
INSERT INTO NHANVIEN_KHACHHANG_MATHANG(SOHD_NHANVIEN_BANHANG_KHACHHANG, TENHD_NHANVIEN_BANHANG_KHACHHANG, MANV, TENNV, SDT_EMPLOYEE, MAKH, TENKH, SDT_CUSTOMER, MAMATHANG, TENMATHANG, SL, GIA) VALUES('HDNVBH_MCCL', 'HOA DON NHAN VIEN BAN HANG CHO KHACH HANG MAT HANG LE', 'NV01', 'NGUYEN THANH DAT', '01246469270', 'KH01', 'TRAN TRAN SANG', '0919678401', 'MCCL', 'LE', 3.3, 59400)
INSERT INTO NHANVIEN_KHACHHANG_MATHANG(SOHD_NHANVIEN_BANHANG_KHACHHANG, TENHD_NHANVIEN_BANHANG_KHACHHANG, MANV, TENNV, SDT_EMPLOYEE, MAKH, TENKH, SDT_CUSTOMER, MAMATHANG, TENMATHANG, SL, GIA) VALUES('HDNVBH_MCCD', 'HOA DON NHAN VIEN BAN HANG CHO KHACH HANG MAT HANG DAO', 'NV01', 'NGUYEN THANH DAT', '01246469270', 'KH01', 'TRAN TRAN SANG', '0919678401', 'MCCD', 'DAO', 3.3, 62700)
INSERT INTO NHANVIEN_KHACHHANG_MATHANG(SOHD_NHANVIEN_BANHANG_KHACHHANG, TENHD_NHANVIEN_BANHANG_KHACHHANG, MANV, TENNV, SDT_EMPLOYEE, MAKH, TENKH, SDT_CUSTOMER, MAMATHANG, TENMATHANG, SL, GIA) VALUES('HDNVBH_MCCB', 'HOA DON NHAN VIEN BAN HANG CHO KHACH HANG MAT HANG BUOI', 'NV01', 'NGUYEN THANH DAT', '01246469270', 'KH01', 'TRAN TRAN SANG', '0919678401', 'MCCB', 'BUOI', 3.3, 660000)
INSERT INTO NHANVIEN_KHACHHANG_MATHANG(SOHD_NHANVIEN_BANHANG_KHACHHANG, TENHD_NHANVIEN_BANHANG_KHACHHANG, MANV, TENNV, SDT_EMPLOYEE, MAKH, TENKH, SDT_CUSTOMER, MAMATHANG, TENMATHANG, SL, GIA) VALUES('HDNVBH_MCCDH', 'HOA DON NHAN VIEN BAN HANG CHO KHACH HANG MAT HANG DUA HAU', 'NV01', 'NGUYEN THANH DAT', '01246469270', 'KH01', 'TRAN TRAN SANG', '0919678401', 'MCCDH', 'DUA HAU', 3.3, 69300)
INSERT INTO NHANVIEN_KHACHHANG_MATHANG(SOHD_NHANVIEN_BANHANG_KHACHHANG, TENHD_NHANVIEN_BANHANG_KHACHHANG, MANV, TENNV, SDT_EMPLOYEE, MAKH, TENKH, SDT_CUSTOMER, MAMATHANG, TENMATHANG, SL, GIA) VALUES('HDNVBH_MCCCC', 'HOA DON NHAN VIEN BAN HANG CHO KHACH HANG MAT HANG CHOM CHOM', 'NV01', 'NGUYEN THANH DAT', '01246469270', 'KH01', 'TRAN TRAN SANG', '0919678401', 'MCCCC', 'CHOM CHOM', 3.3, 42900)
INSERT INTO NHANVIEN_KHACHHANG_MATHANG(SOHD_NHANVIEN_BANHANG_KHACHHANG, TENHD_NHANVIEN_BANHANG_KHACHHANG, MANV, TENNV, SDT_EMPLOYEE, MAKH, TENKH, SDT_CUSTOMER, MAMATHANG, TENMATHANG, SL, GIA) VALUES('HDNVBH_MCCTL', 'HOA DON NHAN VIEN BAN HANG CHO KHACH HANG MAT HANG THANH LONG', 'NV01', 'NGUYEN THANH DAT', '01246469270', 'KH01', 'TRAN TRAN SANG', '0919678401', 'MCCTL', 'THANH LONG', 3.3, 46200)
INSERT INTO NHANVIEN_KHACHHANG_MATHANG(SOHD_NHANVIEN_BANHANG_KHACHHANG, TENHD_NHANVIEN_BANHANG_KHACHHANG, MANV, TENNV, SDT_EMPLOYEE, MAKH, TENKH, SDT_CUSTOMER, MAMATHANG, TENMATHANG, SL, GIA) VALUES('HDNVBH_MCCDG', 'HOA DON NHAN VIEN BAN HANG CHO KHACH HANG MAT HANG DUA GAN', 'NV01', 'NGUYEN THANH DAT', '01246469270', 'KH01', 'TRAN TRAN SANG', '0919678401', 'MCCDG', 'DUA GAN', 3.3, 49500)
INSERT INTO NHANVIEN_KHACHHANG_MATHANG(SOHD_NHANVIEN_BANHANG_KHACHHANG, TENHD_NHANVIEN_BANHANG_KHACHHANG, MANV, TENNV, SDT_EMPLOYEE, MAKH, TENKH, SDT_CUSTOMER, MAMATHANG, TENMATHANG, SL, GIA) VALUES('HDNVBH_MCCT', 'HOA DON NHAN VIEN BAN HANG CHO KHACH HANG MAT HANG TAO', 'NV01', 'NGUYEN THANH DAT', '01246469270', 'KH01', 'TRAN TRAN SANG', '0919678401', 'MCCT', 'TAO', 3.3, 52800)
INSERT INTO NHANVIEN_KHACHHANG_MATHANG(SOHD_NHANVIEN_BANHANG_KHACHHANG, TENHD_NHANVIEN_BANHANG_KHACHHANG, MANV, TENNV, SDT_EMPLOYEE, MAKH, TENKH, SDT_CUSTOMER, MAMATHANG, TENMATHANG, SL, GIA) VALUES('HDNVBH_MCCSR', 'HOA DON NHAN VIEN BAN HANG CHO KHACH HANG MAT HANG SAU RIENG', 'NV01', 'NGUYEN THANH DAT', '01246469270', 'KH01', 'TRAN TRAN SANG', '0919678401', 'MCCSR', 'SAU RIENG', 3.3, 56100)
INSERT INTO NHANVIEN_KHACHHANG_MATHANG(SOHD_NHANVIEN_BANHANG_KHACHHANG, TENHD_NHANVIEN_BANHANG_KHACHHANG, MANV, TENNV, SDT_EMPLOYEE, MAKH, TENKH, SDT_CUSTOMER, MAMATHANG, TENMATHANG, SL, GIA) VALUES('HDNVBH_MCCN', 'HOA DON NHAN VIEN BAN HANG CHO KHACH HANG MAT HANG NHAN', 'NV01', 'NGUYEN THANH DAT', '01246469270', 'KH01', 'TRAN TRAN SANG', '0919678401', 'MCCN', 'NHAN', 3.3, 59400)
INSERT INTO NHANVIEN_KHACHHANG_MATHANG(SOHD_NHANVIEN_BANHANG_KHACHHANG, TENHD_NHANVIEN_BANHANG_KHACHHANG, MANV, TENNV, SDT_EMPLOYEE, MAKH, TENKH, SDT_CUSTOMER, MAMATHANG, TENMATHANG, SL, GIA) VALUES('HDNVBH_MCCV', 'HOA DON NHAN VIEN BAN HANG CHO KHACH HANG MAT HANG VAI', 'NV01', 'NGUYEN THANH DAT', '01246469270', 'KH01', 'TRAN TRAN SANG', '0919678401', 'MCCV', 'VAI', 3.3, 62700)
INSERT INTO NHANVIEN_KHACHHANG_MATHANG(SOHD_NHANVIEN_BANHANG_KHACHHANG, TENHD_NHANVIEN_BANHANG_KHACHHANG, MANV, TENNV, SDT_EMPLOYEE, MAKH, TENKH, SDT_CUSTOMER, MAMATHANG, TENMATHANG, SL, GIA) VALUES('HDNVBH_RM01', 'HOA DON NHAN VIEN BAN HANG CHO KHACH HANG MAT HANG RAU MA', 'NV02', 'TRAN VO LOC', '01246469270', 'KH02', 'TRAN TRAN LONG', '0919678402', 'RM01', 'RAU MA', 3.3, 33000)
INSERT INTO NHANVIEN_KHACHHANG_MATHANG(SOHD_NHANVIEN_BANHANG_KHACHHANG, TENHD_NHANVIEN_BANHANG_KHACHHANG, MANV, TENNV, SDT_EMPLOYEE, MAKH, TENKH, SDT_CUSTOMER, MAMATHANG, TENMATHANG, SL, GIA) VALUES('HDNVBH_RDC01', 'HOA DON NHAN VIEN BAN HANG CHO KHACH HANG MAT HANG RAU DIEP CA', 'NV02', 'TRAN VO LOC', '01246469270', 'KH02', 'TRAN TRAN LONG', '0919678402', 'RDC01', 'RAU DIEP CA', 3.3, 23100)
INSERT INTO NHANVIEN_KHACHHANG_MATHANG(SOHD_NHANVIEN_BANHANG_KHACHHANG, TENHD_NHANVIEN_BANHANG_KHACHHANG, MANV, TENNV, SDT_EMPLOYEE, MAKH, TENKH, SDT_CUSTOMER, MAMATHANG, TENMATHANG, SL, GIA) VALUES('HDNVBH_RCT01', 'HOA DON NHAN VIEN BAN HANG CHO KHACH HANG MAT HANG RAU CAI THIA', 'NV02', 'TRAN VO LOC', '01246469270', 'KH02', 'TRAN TRAN LONG', '0919678402', 'RCT01', 'RAU CAI THIA', 3.3, 26400)
INSERT INTO NHANVIEN_KHACHHANG_MATHANG(SOHD_NHANVIEN_BANHANG_KHACHHANG, TENHD_NHANVIEN_BANHANG_KHACHHANG, MANV, TENNV, SDT_EMPLOYEE, MAKH, TENKH, SDT_CUSTOMER, MAMATHANG, TENMATHANG, SL, GIA) VALUES('HDNVBH_RXL01', 'HOA DON NHAN VIEN BAN HANG CHO KHACH HANG MAT HANG RAU XA LACH', 'NV02', 'TRAN VO LOC', '01246469270', 'KH02', 'TRAN TRAN LONG', '0919678402', 'RXL01', 'RAU XA LACH', 3.3, 32340)
INSERT INTO NHANVIEN_KHACHHANG_MATHANG(SOHD_NHANVIEN_BANHANG_KHACHHANG, TENHD_NHANVIEN_BANHANG_KHACHHANG, MANV, TENNV, SDT_EMPLOYEE, MAKH, TENKH, SDT_CUSTOMER, MAMATHANG, TENMATHANG, SL, GIA) VALUES('HDNVBH_RN01', 'HOA DON NHAN VIEN BAN HANG CHO KHACH HANG MAT HANG RAU NGOT', 'NV02', 'TRAN VO LOC', '01246469270', 'KH02', 'TRAN TRAN LONG', '0919678402', 'RN01', 'RAU NGOT', 3.3, 25080)
INSERT INTO NHANVIEN_KHACHHANG_MATHANG(SOHD_NHANVIEN_BANHANG_KHACHHANG, TENHD_NHANVIEN_BANHANG_KHACHHANG, MANV, TENNV, SDT_EMPLOYEE, MAKH, TENKH, SDT_CUSTOMER, MAMATHANG, TENMATHANG, SL, GIA) VALUES('HDNVBH_RCN01', 'HOA DON NHAN VIEN BAN HANG CHO KHACH HANG MAT HANG RAU CAI NGOT', 'NV02', 'TRAN VO LOC', '01246469270', 'KH02', 'TRAN TRAN LONG', '0919678402', 'RCN01', 'RAU CAI NGOT', 3.3, 40260)
INSERT INTO NHANVIEN_KHACHHANG_MATHANG(SOHD_NHANVIEN_BANHANG_KHACHHANG, TENHD_NHANVIEN_BANHANG_KHACHHANG, MANV, TENNV, SDT_EMPLOYEE, MAKH, TENKH, SDT_CUSTOMER, MAMATHANG, TENMATHANG, SL, GIA) VALUES('HDNVBH_RTO01', 'HOA DON NHAN VIEN BAN HANG CHO KHACH HANG MAT HANG RAU TAN O', 'NV02', 'TRAN VO LOC', '01246469270', 'KH02', 'TRAN TRAN LONG', '0919678402', 'RTO01', 'RAU TAN O', 3.3, 54450)
INSERT INTO NHANVIEN_KHACHHANG_MATHANG(SOHD_NHANVIEN_BANHANG_KHACHHANG, TENHD_NHANVIEN_BANHANG_KHACHHANG, MANV, TENNV, SDT_EMPLOYEE, MAKH, TENKH, SDT_CUSTOMER, MAMATHANG, TENMATHANG, SL, GIA) VALUES('HDNVBH_RBX01', 'HOA DON NHAN VIEN BAN HANG CHO KHACH HANG MAT HANG RAU BOI XOI', 'NV02', 'TRAN VO LOC', '01246469270', 'KH02', 'TRAN TRAN LONG', '0919678402', 'RBX01', 'RAU BOI XOI', 3.3, 50820)
INSERT INTO NHANVIEN_KHACHHANG_MATHANG(SOHD_NHANVIEN_BANHANG_KHACHHANG, TENHD_NHANVIEN_BANHANG_KHACHHANG, MANV, TENNV, SDT_EMPLOYEE, MAKH, TENKH, SDT_CUSTOMER, MAMATHANG, TENMATHANG, SL, GIA) VALUES('HDNVBH_SLT01', 'HOA DON NHAN VIEN BAN HANG CHO KHACH HANG MAT HANG SUP LO TRANG', 'NV02', 'TRAN VO LOC', '01246469270', 'KH02', 'TRAN TRAN LONG', '0919678402', 'SLT01', 'SUP LO TRANG', 3.3, 47190)
INSERT INTO NHANVIEN_KHACHHANG_MATHANG(SOHD_NHANVIEN_BANHANG_KHACHHANG, TENHD_NHANVIEN_BANHANG_KHACHHANG, MANV, TENNV, SDT_EMPLOYEE, MAKH, TENKH, SDT_CUSTOMER, MAMATHANG, TENMATHANG, SL, GIA) VALUES('HDNVBH_SLX01', 'HOA DON NHAN VIEN BAN HANG CHO KHACH HANG MAT HANG SUP LO XANH', 'NV02', 'TRAN VO LOC', '01246469270', 'KH02', 'TRAN TRAN LONG', '0919678402', 'SLX01', 'SUP LO XANH', 3.3, 33000)
INSERT INTO NHANVIEN_KHACHHANG_MATHANG(SOHD_NHANVIEN_BANHANG_KHACHHANG, TENHD_NHANVIEN_BANHANG_KHACHHANG, MANV, TENNV, SDT_EMPLOYEE, MAKH, TENKH, SDT_CUSTOMER, MAMATHANG, TENMATHANG, SL, GIA) VALUES('HDNVBH_CCT01', 'HOA DON NHAN VIEN BAN HANG CHO KHACH HANG MAT HANG CU CAI TRANG', 'NV03', 'LE PHU KHAI', '01246469272', 'KH03', 'TRAN TRAN HOANG', '0919678403', 'CCT01', 'CU CAI TRANG', 3.3, 46200)
INSERT INTO NHANVIEN_KHACHHANG_MATHANG(SOHD_NHANVIEN_BANHANG_KHACHHANG, TENHD_NHANVIEN_BANHANG_KHACHHANG, MANV, TENNV, SDT_EMPLOYEE, MAKH, TENKH, SDT_CUSTOMER, MAMATHANG, TENMATHANG, SL, GIA) VALUES('HDNVBH_CCD01', 'HOA DON NHAN VIEN BAN HANG CHO KHACH HANG MAT HANG CU CAI DO', 'NV03', 'LE PHU KHAI', '01246469272', 'KH03', 'TRAN TRAN HOANG', '0919678403', 'CCD01', 'CU CAI DO', 3.3, 52800)
INSERT INTO NHANVIEN_KHACHHANG_MATHANG(SOHD_NHANVIEN_BANHANG_KHACHHANG, TENHD_NHANVIEN_BANHANG_KHACHHANG, MANV, TENNV, SDT_EMPLOYEE, MAKH, TENKH, SDT_CUSTOMER, MAMATHANG, TENMATHANG, SL, GIA) VALUES('HDNVBH_CCR01', 'HOA DON NHAN VIEN BAN HANG CHO KHACH HANG MAT HANG CU CA ROT', 'NV03', 'LE PHU KHAI', '01246469272', 'KH03', 'TRAN TRAN HOANG', '0919678403', 'CCR01', 'CU CA ROT', 3.3, 46200)
INSERT INTO NHANVIEN_KHACHHANG_MATHANG(SOHD_NHANVIEN_BANHANG_KHACHHANG, TENHD_NHANVIEN_BANHANG_KHACHHANG, MANV, TENNV, SDT_EMPLOYEE, MAKH, TENKH, SDT_CUSTOMER, MAMATHANG, TENMATHANG, SL, GIA) VALUES('HDNVBH_CCSU01', 'HOA DON NHAN VIEN BAN HANG CHO KHACH HANG MAT HANG CU SU', 'NV03', 'LE PHU KHAI', '01246469272', 'KH03', 'TRAN TRAN HOANG', '0919678403', 'CCSU01', 'CU SU', 3.3, 54450)
INSERT INTO NHANVIEN_KHACHHANG_MATHANG(SOHD_NHANVIEN_BANHANG_KHACHHANG, TENHD_NHANVIEN_BANHANG_KHACHHANG, MANV, TENNV, SDT_EMPLOYEE, MAKH, TENKH, SDT_CUSTOMER, MAMATHANG, TENMATHANG, SL, GIA) VALUES('HDNVBH_KT01', 'HOA DON NHAN VIEN BAN HANG CHO KHACH HANG MAT HANG KHOAI TAY', 'NV03', 'LE PHU KHAI', '01246469272', 'KH03', 'TRAN TRAN HOANG', '0919678403', 'KT01', 'KHOAI TAY', 3.3, 23100)
INSERT INTO NHANVIEN_KHACHHANG_MATHANG(SOHD_NHANVIEN_BANHANG_KHACHHANG, TENHD_NHANVIEN_BANHANG_KHACHHANG, MANV, TENNV, SDT_EMPLOYEE, MAKH, TENKH, SDT_CUSTOMER, MAMATHANG, TENMATHANG, SL, GIA) VALUES('HDNVBH_KL01', 'HOA DON NHAN VIEN BAN HANG CHO KHACH HANG MAT HANG KHOAI LANG', 'NV03', 'LE PHU KHAI', '01246469272', 'KH03', 'TRAN TRAN HOANG', '0919678403', 'KL01', 'KHOAI LANG', 3.3, 46200)
INSERT INTO NHANVIEN_KHACHHANG_MATHANG(SOHD_NHANVIEN_BANHANG_KHACHHANG, TENHD_NHANVIEN_BANHANG_KHACHHANG, MANV, TENNV, SDT_EMPLOYEE, MAKH, TENKH, SDT_CUSTOMER, MAMATHANG, TENMATHANG, SL, GIA) VALUES('HDNVBH_CD01', 'HOA DON NHAN VIEN BAN HANG CHO KHACH HANG MAT HANG CU DEN', 'NV03', 'LE PHU KHAI', '01246469272', 'KH03', 'TRAN TRAN HOANG', '0919678403', 'CD01', 'CU DEN', 3.3, 55110)
INSERT INTO NHANVIEN_KHACHHANG_MATHANG(SOHD_NHANVIEN_BANHANG_KHACHHANG, TENHD_NHANVIEN_BANHANG_KHACHHANG, MANV, TENNV, SDT_EMPLOYEE, MAKH, TENKH, SDT_CUSTOMER, MAMATHANG, TENMATHANG, SL, GIA) VALUES('HDNVBH_CS01', 'HOA DON NHAN VIEN BAN HANG CHO KHACH HANG MAT HANG CU SAN', 'NV03', 'LE PHU KHAI', '01246469272', 'KH03', 'TRAN TRAN HOANG', '0919678403', 'CS01', 'CU SAN', 3.3, 56100)



--FOREIGN KEY FOR TABLE NHACUNGCAP
ALTER TABLE NHACUNGCAP ADD CONSTRAINT _FK01_NHACUNGCAP FOREIGN KEY(MAMATHANG) REFERENCES MATHANG(MAMATHANG)
ALTER TABLE NHACUNGCAP ADD CONSTRAINT _FK02_NHACUNGCAP FOREIGN KEY(TENMATHANG) REFERENCES MATHANG(TENMATHANG)

-- FOREIGN KEY FOR TABLE KHOHANG_MATHANG
ALTER TABLE KHOHANG_MATHANG ADD CONSTRAINT _FK01_KHOHANG_MATHANG FOREIGN KEY(MAKHO) REFERENCES KHOHANG(MAKHO)
ALTER TABLE KHOHANG_MATHANG ADD CONSTRAINT _FK02_KHOHANG_MATHANG FOREIGN KEY(TENKHO) REFERENCES KHOHANG(TENKHO)
ALTER TABLE KHOHANG_MATHANG ADD CONSTRAINT _FK03_KHOHANG_MATHANG FOREIGN KEY(MAMATHANG) REFERENCES MATHANG(MAMATHANG)
ALTER TABLE KHOHANG_MATHANG ADD CONSTRAINT _FK04_KHOHANG_MATHANG FOREIGN KEY(TENMATHANG) REFERENCES MATHANG(TENMATHANG)

--FOREIGN KEY FOR TABLE MANAGER_NHACUNGCAP_KHOHANG
ALTER TABLE MANAGER_NHACUNGCAP_KHOHANG ADD CONSTRAINT _FK01_MANAGER_NHACUNGCAP_KHOHANG FOREIGN KEY(MACC) REFERENCES NHACUNGCAP(MACC)
ALTER TABLE MANAGER_NHACUNGCAP_KHOHANG ADD CONSTRAINT _FK02_MANAGER_NHACUNGCAP_KHOHANG FOREIGN KEY(TENCC) REFERENCES NHACUNGCAP(TENCC)
ALTER TABLE MANAGER_NHACUNGCAP_KHOHANG ADD CONSTRAINT _FK03_MANAGER_NHACUNGCAP_KHOHANG FOREIGN KEY(SDT_SUPPLIER) REFERENCES NHACUNGCAP(SDT_SUPPLIER)
ALTER TABLE MANAGER_NHACUNGCAP_KHOHANG ADD CONSTRAINT _FK04_MANAGER_NHACUNGCAP_KHOHANG FOREIGN KEY(SANPHAM) REFERENCES NHACUNGCAP(SANPHAM)
ALTER TABLE MANAGER_NHACUNGCAP_KHOHANG ADD CONSTRAINT _FK05_MANAGER_NHACUNGCAP_KHOHANG FOREIGN KEY(MAQL) REFERENCES MANAGER(MAQL)
ALTER TABLE MANAGER_NHACUNGCAP_KHOHANG ADD CONSTRAINT _FK06_MANAGER_NHACUNGCAP_KHOHANG FOREIGN KEY(TENQL) REFERENCES MANAGER(TENQL)
ALTER TABLE MANAGER_NHACUNGCAP_KHOHANG ADD CONSTRAINT _FK07_MANAGER_NHACUNGCAP_KHOHANG FOREIGN KEY(MAKHO) REFERENCES KHOHANG(MAKHO)
ALTER TABLE MANAGER_NHACUNGCAP_KHOHANG ADD CONSTRAINT _FK08_MANAGER_NHACUNGCAP_KHOHANG FOREIGN KEY(TENKHO) REFERENCES KHOHANG(TENKHO)
ALTER TABLE MANAGER_NHACUNGCAP_KHOHANG ADD CONSTRAINT _FK09_MANAGER_NHACUNGCAP_KHOHANG FOREIGN KEY(SDT_MANAGER) REFERENCES KHOHANG(SDT_MANAGER)

--FOREIGN KEY FOR TABLE MANAGER_KHOHANG
ALTER TABLE MANAGER_KHOHANG ADD CONSTRAINT _FK01_MANAGER_KHOHANG FOREIGN KEY(MAQL) REFERENCES MANAGER(MAQL)
ALTER TABLE MANAGER_KHOHANG ADD CONSTRAINT _FK02_MANAGER_KHOHANG FOREIGN KEY(SDT_MANAGER) REFERENCES MANAGER(SDT_MANAGER)
ALTER TABLE MANAGER_KHOHANG ADD CONSTRAINT _FK03_MANAGER_KHOHANG FOREIGN KEY(MAKHO) REFERENCES KHOHANG(MAKHO)
ALTER TABLE MANAGER_KHOHANG ADD CONSTRAINT _FK04_MANAGER_KHOHANG FOREIGN KEY(TENKHO) REFERENCES KHOHANG(TENKHO)

--FOREIGN KEY FOR TABLE NHANVIEN_KHOHANG_MATHANG
ALTER TABLE NHANVIEN_KHOHANG_MATHANG ADD CONSTRAINT _FK01_NHANVIEN_KHOHANG_MATHANG FOREIGN KEY(MANV) REFERENCES NHANVIEN(MANV)
ALTER TABLE NHANVIEN_KHOHANG_MATHANG ADD CONSTRAINT _FK02_NHANVIEN_KHOHANG_MATHANG FOREIGN KEY(SDT_EMPLOYEE) REFERENCES NHANVIEN(SDT_EMPLOYEE)
ALTER TABLE NHANVIEN_KHOHANG_MATHANG ADD CONSTRAINT _FK03_NHANVIEN_KHOHANG_MATHANG FOREIGN KEY(MAKHO) REFERENCES KHOHANG(MAKHO)
ALTER TABLE NHANVIEN_KHOHANG_MATHANG ADD CONSTRAINT _FK04_NHANVIEN_KHOHANG_MATHANG FOREIGN KEY(TENKHO) REFERENCES KHOHANG(TENKHO)
ALTER TABLE NHANVIEN_KHOHANG_MATHANG ADD CONSTRAINT _FK05_NHANVIEN_KHOHANG_MATHANG FOREIGN KEY(MAMATHANG) REFERENCES MATHANG(MAMATHANG)
ALTER TABLE NHANVIEN_KHOHANG_MATHANG ADD CONSTRAINT _FK06_NHANVIEN_KHOHANG_MATHANG FOREIGN KEY(TENMATHANG) REFERENCES MATHANG(MAMATHANG)

--FOREIGN KEY FOR TABLE NHANVIEN_KHACHANG_MATHANG
ALTER TABLE NHANVIEN_KHACHHANG_MATHANG ADD CONSTRAINT _FK01_NHANVIEN_KHACHHANG_MATHANG FOREIGN KEY(MANV) REFERENCES NHANVIEN(MANV)
ALTER TABLE NHANVIEN_KHACHHANG_MATHANG ADD CONSTRAINT _FK02_NHANVIEN_KHACHHANG_MATHANG FOREIGN KEY(SDT_EMPLOYEE) REFERENCES NHANVIEN(SDT_EMPLOYEE)
ALTER TABLE NHANVIEN_KHACHHANG_MATHANG ADD CONSTRAINT _FK03_NHANVIEN_KHACHHANG_MATHANG FOREIGN KEY(MAKH) REFERENCES KHACHHANG(MAKH)
ALTER TABLE NHANVIEN_KHACHHANG_MATHANG ADD CONSTRAINT _FK03_NHANVIEN_KHACHHANG_MATHANG FOREIGN KEY(SDT_CUSTOMER) REFERENCES KHACHHANG(SDT_CUSTOMER)
ALTER TABLE NHANVIEN_KHACHHANG_MATHANG ADD CONSTRAINT _FK04_NHANVIEN_KHACHHANG_MATHANG FOREIGN KEY(MAMATHANG) REFERENCES MATHANG(MAMATHANG)
ALTER TABLE NHANVIEN_KHACHHANG_MATHANG ADD CONSTRAINT _FK04_NHANVIEN_KHACHHANG_MATHANG FOREIGN KEY(TENMATHANG) REFERENCES MATHANG(TENMATHANG)



--INSERT INTO NHACUNGCAP

INSERT INTO NHACUNGCAP(MACC,TENC,MAMATHANG,TENMATHANG,SANPHAM,SL,GIA,SDT_NHACUNGCAP,DIACHI) VALUES (N'NCC_A01','NHÀ CUNG CẤP 1','NCC_01_CAM','CAM','A',100, 100000 ,'09999999','ABC')

--INSERT INTO MANAGER

--INSERT INTO MANAGER(MAQL,TENQL,LUONG,THUONG,GIOITINH,NGAYSINH,SDT_MANAGER,DIACHI,SOTHICH)

--INSERT INTO KHOHANG

--INSERT INTO KHOHANG(MAKHO,TENKHO,TONGSL,BAONHIEULOAI)

--INSERT INTO MATHHANG

--INSERT INTO MATHANG(MAMATHANG,TENMATHANG,LOAI,GIA)

--INSERT INTO NHANVIEN

--INSERT INTO NHANVIEN(MANV,TENNV,LUONG,THUONG,GIOITINH,NGAYSINH,SDT_EMPLOYEE,SOTHICH)

--INSERT INTO KHACHANG

--INSERT INTO KHACHHANG(MAKH,TENKH,SDT_KHACHANG_DIACHHI)
